season,scoring,draft_position,delta,method,objective,adp_aware_objective,optimal_gap,optimal_gap_pct,adp_cost,status,adp_aware_status
2026,fangraph,1,-10.0,ADP-aware ILP,14373.800000000001,14373.800000000001,0.0,0.0,,OPTIMAL,OPTIMAL
2026,fangraph,1,-10.0,Static IP,16329.900000000001,14373.800000000001,,,1956.1000000000004,OPTIMAL,OPTIMAL
2026,fangraph,1,-10.0,Direct Greedy,13993.8,14373.800000000001,380.0000000000018,0.02643698952260375,,OPTIMAL,OPTIMAL
2026,fangraph,1,-10.0,Opportunity Cost Greedy,14143.099999999999,14373.800000000001,230.70000000000255,0.016050035481222958,,OPTIMAL,OPTIMAL
2026,fangraph,1,-9.0,ADP-aware ILP,14373.800000000001,14373.800000000001,0.0,0.0,,OPTIMAL,OPTIMAL
2026,fangraph,1,-9.0,Static IP,16329.900000000001,14373.800000000001,,,1956.1000000000004,OPTIMAL,OPTIMAL
2026,fangraph,1,-9.0,Direct Greedy,13993.8,14373.800000000001,380.0000000000018,0.02643698952260375,,OPTIMAL,OPTIMAL
2026,fangraph,1,-9.0,Opportunity Cost Greedy,14143.099999999999,14373.800000000001,230.70000000000255,0.016050035481222958,,OPTIMAL,OPTIMAL
2026,fangraph,1,-8.0,ADP-aware ILP,14397.300000000001,14397.300000000001,0.0,0.0,,OPTIMAL,OPTIMAL
2026,fangraph,1,-8.0,Static IP,16329.900000000001,14397.300000000001,,,1932.6000000000004,OPTIMAL,OPTIMAL
2026,fangraph,1,-8.0,Direct Greedy,13993.8,14397.300000000001,403.5000000000018,0.028026088224875623,,OPTIMAL,OPTIMAL
2026,fangraph,1,-8.0,Opportunity Cost Greedy,14143.099999999999,14397.300000000001,254.20000000000255,0.01765608829433314,,OPTIMAL,OPTIMAL
2026,fangraph,1,-7.0,ADP-aware ILP,14397.300000000001,14397.300000000001,0.0,0.0,,OPTIMAL,OPTIMAL
2026,fangraph,1,-7.0,Static IP,16329.900000000001,14397.300000000001,,,1932.6000000000004,OPTIMAL,OPTIMAL
2026,fangraph,1,-7.0,Direct Greedy,13993.8,14397.300000000001,403.5000000000018,0.028026088224875623,,OPTIMAL,OPTIMAL
2026,fangraph,1,-7.0,Opportunity Cost Greedy,14143.099999999999,14397.300000000001,254.20000000000255,0.01765608829433314,,OPTIMAL,OPTIMAL
2026,fangraph,1,-6.0,ADP-aware ILP,14397.300000000001,14397.300000000001,0.0,0.0,,OPTIMAL,OPTIMAL
2026,fangraph,1,-6.0,Static IP,16329.900000000001,14397.300000000001,,,1932.6000000000004,OPTIMAL,OPTIMAL
2026,fangraph,1,-6.0,Direct Greedy,13993.8,14397.300000000001,403.5000000000018,0.028026088224875623,,OPTIMAL,OPTIMAL
2026,fangraph,1,-6.0,Opportunity Cost Greedy,14143.099999999999,14397.300000000001,254.20000000000255,0.01765608829433314,,OPTIMAL,OPTIMAL
2026,fangraph,1,-5.0,ADP-aware ILP,14464.300000000003,14464.300000000003,0.0,0.0,,OPTIMAL,OPTIMAL
2026,fangraph,1,-5.0,Static IP,16329.900000000001,14464.300000000003,,,1865.5999999999985,OPTIMAL,OPTIMAL
2026,fangraph,1,-5.0,Direct Greedy,13993.8,14464.300000000003,470.50000000000364,0.032528362934950435,,OPTIMAL,OPTIMAL
2026,fangraph,1,-5.0,Opportunity Cost Greedy,14192.099999999999,14464.300000000003,272.20000000000437,0.018818746845682424,,OPTIMAL,OPTIMAL
2026,fangraph,1,-4.0,ADP-aware ILP,14464.300000000003,14464.300000000003,0.0,0.0,,OPTIMAL,OPTIMAL
2026,fangraph,1,-4.0,Static IP,16329.900000000001,14464.300000000003,,,1865.5999999999985,OPTIMAL,OPTIMAL
2026,fangraph,1,-4.0,Direct Greedy,13993.8,14464.300000000003,470.50000000000364,0.032528362934950435,,OPTIMAL,OPTIMAL
2026,fangraph,1,-4.0,Opportunity Cost Greedy,14192.099999999999,14464.300000000003,272.20000000000437,0.018818746845682424,,OPTIMAL,OPTIMAL
2026,fangraph,1,-3.0,ADP-aware ILP,14464.300000000003,14464.300000000003,0.0,0.0,,OPTIMAL,OPTIMAL
2026,fangraph,1,-3.0,Static IP,16329.900000000001,14464.300000000003,,,1865.5999999999985,OPTIMAL,OPTIMAL
2026,fangraph,1,-3.0,Direct Greedy,13993.8,14464.300000000003,470.50000000000364,0.032528362934950435,,OPTIMAL,OPTIMAL
2026,fangraph,1,-3.0,Opportunity Cost Greedy,14192.099999999999,14464.300000000003,272.20000000000437,0.018818746845682424,,OPTIMAL,OPTIMAL
2026,fangraph,1,-2.0,ADP-aware ILP,14609.400000000001,14609.400000000001,0.0,0.0,,OPTIMAL,OPTIMAL
2026,fangraph,1,-2.0,Static IP,16329.900000000001,14609.400000000001,,,1720.5,OPTIMAL,OPTIMAL
2026,fangraph,1,-2.0,Direct Greedy,14042.9,14609.400000000001,566.5000000000018,0.038776404232891276,,OPTIMAL,OPTIMAL
2026,fangraph,1,-2.0,Opportunity Cost Greedy,14360.3,14609.400000000001,249.10000000000218,0.01705066600955564,,OPTIMAL,OPTIMAL
2026,fangraph,1,-1.0,ADP-aware ILP,14661.500000000002,14661.500000000002,0.0,0.0,,OPTIMAL,OPTIMAL
2026,fangraph,1,-1.0,Static IP,16329.900000000001,14661.500000000002,,,1668.3999999999996,OPTIMAL,OPTIMAL
2026,fangraph,1,-1.0,Direct Greedy,14042.9,14661.500000000002,618.6000000000022,0.04219213586604386,,OPTIMAL,OPTIMAL
2026,fangraph,1,-1.0,Opportunity Cost Greedy,14563.4,14661.500000000002,98.10000000000218,0.006690993418136082,,OPTIMAL,OPTIMAL
2026,fangraph,1,0.0,ADP-aware ILP,14684.500000000004,14684.500000000004,0.0,0.0,,OPTIMAL,OPTIMAL
2026,fangraph,1,0.0,Static IP,16329.900000000001,14684.500000000004,,,1645.3999999999978,OPTIMAL,OPTIMAL
2026,fangraph,1,0.0,Direct Greedy,14082.9,14684.500000000004,601.600000000004,0.04096836800708256,,OPTIMAL,OPTIMAL
2026,fangraph,1,0.0,Opportunity Cost Greedy,14443.3,14684.500000000004,241.20000000000437,0.016425482651775975,,OPTIMAL,OPTIMAL
2026,fangraph,1,1.0,ADP-aware ILP,14684.500000000004,14684.500000000004,0.0,0.0,,OPTIMAL,OPTIMAL
2026,fangraph,1,1.0,Static IP,16329.900000000001,14684.500000000004,,,1645.3999999999978,OPTIMAL,OPTIMAL
2026,fangraph,1,1.0,Direct Greedy,14082.9,14684.500000000004,601.600000000004,0.04096836800708256,,OPTIMAL,OPTIMAL
2026,fangraph,1,1.0,Opportunity Cost Greedy,14454.3,14684.500000000004,230.20000000000437,0.015676393476114565,,OPTIMAL,OPTIMAL
2026,fangraph,1,2.0,ADP-aware ILP,14704.800000000003,14704.800000000003,0.0,0.0,,OPTIMAL,OPTIMAL
2026,fangraph,1,2.0,Static IP,16329.900000000001,14704.800000000003,,,1625.0999999999985,OPTIMAL,OPTIMAL
2026,fangraph,1,2.0,Direct Greedy,14082.9,14704.800000000003,621.9000000000033,0.042292312714215984,,OPTIMAL,OPTIMAL
2026,fangraph,1,2.0,Opportunity Cost Greedy,14265.2,14704.800000000003,439.6000000000022,0.029895000272020165,,OPTIMAL,OPTIMAL
2026,fangraph,1,3.0,ADP-aware ILP,14704.800000000003,14704.800000000003,0.0,0.0,,OPTIMAL,OPTIMAL
2026,fangraph,1,3.0,Static IP,16329.900000000001,14704.800000000003,,,1625.0999999999985,OPTIMAL,OPTIMAL
2026,fangraph,1,3.0,Direct Greedy,14082.9,14704.800000000003,621.9000000000033,0.042292312714215984,,OPTIMAL,OPTIMAL
2026,fangraph,1,3.0,Opportunity Cost Greedy,14420.0,14704.800000000003,284.8000000000029,0.019367825471954928,,OPTIMAL,OPTIMAL
2026,fangraph,1,4.0,ADP-aware ILP,14704.800000000003,14704.800000000003,0.0,0.0,,OPTIMAL,OPTIMAL
2026,fangraph,1,4.0,Static IP,16329.900000000001,14704.800000000003,,,1625.0999999999985,OPTIMAL,OPTIMAL
2026,fangraph,1,4.0,Direct Greedy,14082.9,14704.800000000003,621.9000000000033,0.042292312714215984,,OPTIMAL,OPTIMAL
2026,fangraph,1,4.0,Opportunity Cost Greedy,14420.0,14704.800000000003,284.8000000000029,0.019367825471954928,,OPTIMAL,OPTIMAL
2026,fangraph,1,5.0,ADP-aware ILP,14704.800000000003,14704.800000000003,0.0,0.0,,OPTIMAL,OPTIMAL
2026,fangraph,1,5.0,Static IP,16329.900000000001,14704.800000000003,,,1625.0999999999985,OPTIMAL,OPTIMAL
2026,fangraph,1,5.0,Direct Greedy,14082.9,14704.800000000003,621.9000000000033,0.042292312714215984,,OPTIMAL,OPTIMAL
2026,fangraph,1,5.0,Opportunity Cost Greedy,14420.0,14704.800000000003,284.8000000000029,0.019367825471954928,,OPTIMAL,OPTIMAL
2026,fangraph,1,6.0,ADP-aware ILP,14825.400000000001,14825.400000000001,0.0,0.0,,OPTIMAL,OPTIMAL
2026,fangraph,1,6.0,Static IP,16329.900000000001,14825.400000000001,,,1504.5,OPTIMAL,OPTIMAL
2026,fangraph,1,6.0,Direct Greedy,14302.4,14825.400000000001,523.0000000000018,0.03527729437317049,,OPTIMAL,OPTIMAL
2026,fangraph,1,6.0,Opportunity Cost Greedy,14433.0,14825.400000000001,392.40000000000146,0.026468088550730597,,OPTIMAL,OPTIMAL
2026,fangraph,1,7.0,ADP-aware ILP,14825.400000000001,14825.400000000001,0.0,0.0,,OPTIMAL,OPTIMAL
2026,fangraph,1,7.0,Static IP,16329.900000000001,14825.400000000001,,,1504.5,OPTIMAL,OPTIMAL
2026,fangraph,1,7.0,Direct Greedy,14302.4,14825.400000000001,523.0000000000018,0.03527729437317049,,OPTIMAL,OPTIMAL
2026,fangraph,1,7.0,Opportunity Cost Greedy,14433.0,14825.400000000001,392.40000000000146,0.026468088550730597,,OPTIMAL,OPTIMAL
2026,fangraph,1,8.0,ADP-aware ILP,14890.100000000002,14890.100000000002,0.0,0.0,,OPTIMAL,OPTIMAL
2026,fangraph,1,8.0,Static IP,16329.900000000001,14890.100000000002,,,1439.7999999999993,OPTIMAL,OPTIMAL
2026,fangraph,1,8.0,Direct Greedy,14302.4,14890.100000000002,587.7000000000025,0.03946917750720294,,OPTIMAL,OPTIMAL
2026,fangraph,1,8.0,Opportunity Cost Greedy,14493.6,14890.100000000002,396.5000000000018,0.026628430970913677,,OPTIMAL,OPTIMAL
2026,fangraph,1,9.0,ADP-aware ILP,14890.100000000002,14890.100000000002,0.0,0.0,,OPTIMAL,OPTIMAL
2026,fangraph,1,9.0,Static IP,16329.900000000001,14890.100000000002,,,1439.7999999999993,OPTIMAL,OPTIMAL
2026,fangraph,1,9.0,Direct Greedy,14367.1,14890.100000000002,523.0000000000018,0.0351240085694523,,OPTIMAL,OPTIMAL
2026,fangraph,1,9.0,Opportunity Cost Greedy,14447.2,14890.100000000002,442.90000000000146,0.029744595402314382,,OPTIMAL,OPTIMAL
2026,fangraph,1,10.0,ADP-aware ILP,14890.100000000002,14890.100000000002,0.0,0.0,,OPTIMAL,OPTIMAL
2026,fangraph,1,10.0,Static IP,16329.900000000001,14890.100000000002,,,1439.7999999999993,OPTIMAL,OPTIMAL
2026,fangraph,1,10.0,Direct Greedy,14367.1,14890.100000000002,523.0000000000018,0.0351240085694523,,OPTIMAL,OPTIMAL
2026,fangraph,1,10.0,Opportunity Cost Greedy,14447.2,14890.100000000002,442.90000000000146,0.029744595402314382,,OPTIMAL,OPTIMAL
2026,fangraph,2,-10.0,ADP-aware ILP,14373.800000000001,14373.800000000001,0.0,0.0,,OPTIMAL,OPTIMAL
2026,fangraph,2,-10.0,Static IP,16329.900000000001,14373.800000000001,,,1956.1000000000004,OPTIMAL,OPTIMAL
2026,fangraph,2,-10.0,Direct Greedy,13993.8,14373.800000000001,380.0000000000018,0.02643698952260375,,OPTIMAL,OPTIMAL
2026,fangraph,2,-10.0,Opportunity Cost Greedy,14143.099999999999,14373.800000000001,230.70000000000255,0.016050035481222958,,OPTIMAL,OPTIMAL
2026,fangraph,2,-9.0,ADP-aware ILP,14373.800000000001,14373.800000000001,0.0,0.0,,OPTIMAL,OPTIMAL
2026,fangraph,2,-9.0,Static IP,16329.900000000001,14373.800000000001,,,1956.1000000000004,OPTIMAL,OPTIMAL
2026,fangraph,2,-9.0,Direct Greedy,13993.8,14373.800000000001,380.0000000000018,0.02643698952260375,,OPTIMAL,OPTIMAL
2026,fangraph,2,-9.0,Opportunity Cost Greedy,14143.099999999999,14373.800000000001,230.70000000000255,0.016050035481222958,,OPTIMAL,OPTIMAL
2026,fangraph,2,-8.0,ADP-aware ILP,14373.800000000001,14373.800000000001,0.0,0.0,,OPTIMAL,OPTIMAL
2026,fangraph,2,-8.0,Static IP,16329.900000000001,14373.800000000001,,,1956.1000000000004,OPTIMAL,OPTIMAL
2026,fangraph,2,-8.0,Direct Greedy,13993.8,14373.800000000001,380.0000000000018,0.02643698952260375,,OPTIMAL,OPTIMAL
2026,fangraph,2,-8.0,Opportunity Cost Greedy,14143.099999999999,14373.800000000001,230.70000000000255,0.016050035481222958,,OPTIMAL,OPTIMAL
2026,fangraph,2,-7.0,ADP-aware ILP,14397.300000000001,14397.300000000001,0.0,0.0,,OPTIMAL,OPTIMAL
2026,fangraph,2,-7.0,Static IP,16329.900000000001,14397.300000000001,,,1932.6000000000004,OPTIMAL,OPTIMAL
2026,fangraph,2,-7.0,Direct Greedy,13993.8,14397.300000000001,403.5000000000018,0.028026088224875623,,OPTIMAL,OPTIMAL
2026,fangraph,2,-7.0,Opportunity Cost Greedy,14143.099999999999,14397.300000000001,254.20000000000255,0.01765608829433314,,OPTIMAL,OPTIMAL
2026,fangraph,2,-6.0,ADP-aware ILP,14431.800000000003,14431.800000000003,0.0,0.0,,OPTIMAL,OPTIMAL
2026,fangraph,2,-6.0,Static IP,16329.900000000001,14431.800000000003,,,1898.0999999999985,OPTIMAL,OPTIMAL
2026,fangraph,2,-6.0,Direct Greedy,13993.8,14431.800000000003,438.00000000000364,0.03034964453498549,,OPTIMAL,OPTIMAL
2026,fangraph,2,-6.0,Opportunity Cost Greedy,14192.099999999999,14431.800000000003,239.70000000000437,0.01660915478318743,,OPTIMAL,OPTIMAL
2026,fangraph,2,-5.0,ADP-aware ILP,14431.800000000003,14431.800000000003,0.0,0.0,,OPTIMAL,OPTIMAL
2026,fangraph,2,-5.0,Static IP,16329.900000000001,14431.800000000003,,,1898.0999999999985,OPTIMAL,OPTIMAL
2026,fangraph,2,-5.0,Direct Greedy,13993.8,14431.800000000003,438.00000000000364,0.03034964453498549,,OPTIMAL,OPTIMAL
2026,fangraph,2,-5.0,Opportunity Cost Greedy,14192.099999999999,14431.800000000003,239.70000000000437,0.01660915478318743,,OPTIMAL,OPTIMAL
2026,fangraph,2,-4.0,ADP-aware ILP,14464.300000000003,14464.300000000003,0.0,0.0,,OPTIMAL,OPTIMAL
2026,fangraph,2,-4.0,Static IP,16329.900000000001,14464.300000000003,,,1865.5999999999985,OPTIMAL,OPTIMAL
2026,fangraph,2,-4.0,Direct Greedy,13993.8,14464.300000000003,470.50000000000364,0.032528362934950435,,OPTIMAL,OPTIMAL
2026,fangraph,2,-4.0,Opportunity Cost Greedy,14192.099999999999,14464.300000000003,272.20000000000437,0.018818746845682424,,OPTIMAL,OPTIMAL
2026,fangraph,2,-3.0,ADP-aware ILP,14573.800000000003,14573.800000000003,0.0,0.0,,OPTIMAL,OPTIMAL
2026,fangraph,2,-3.0,Static IP,16329.900000000001,14573.800000000003,,,1756.0999999999985,OPTIMAL,OPTIMAL
2026,fangraph,2,-3.0,Direct Greedy,13993.8,14573.800000000003,580.0000000000036,0.039797444729583464,,OPTIMAL,OPTIMAL
2026,fangraph,2,-3.0,Opportunity Cost Greedy,14192.099999999999,14573.800000000003,381.70000000000437,0.02619083560910705,,OPTIMAL,OPTIMAL
2026,fangraph,2,-2.0,ADP-aware ILP,14621.400000000001,14621.400000000001,0.0,0.0,,OPTIMAL,OPTIMAL
2026,fangraph,2,-2.0,Static IP,16329.900000000001,14621.400000000001,,,1708.5,OPTIMAL,OPTIMAL
2026,fangraph,2,-2.0,Direct Greedy,13993.8,14621.400000000001,627.6000000000022,0.042923386269440825,,OPTIMAL,OPTIMAL
2026,fangraph,2,-2.0,Opportunity Cost Greedy,14307.2,14621.400000000001,314.2000000000007,0.02148905029614132,,OPTIMAL,OPTIMAL
2026,fangraph,2,-1.0,ADP-aware ILP,14668.400000000001,14668.400000000001,0.0,0.0,,OPTIMAL,OPTIMAL
2026,fangraph,2,-1.0,Static IP,16329.900000000001,14668.400000000001,,,1661.5,OPTIMAL,OPTIMAL
2026,fangraph,2,-1.0,Direct Greedy,14077.4,14668.400000000001,591.0000000000018,0.0402906929181098,,OPTIMAL,OPTIMAL
2026,fangraph,2,-1.0,Opportunity Cost Greedy,14374.3,14668.400000000001,294.1000000000022,0.020049903193259125,,OPTIMAL,OPTIMAL
2026,fangraph,2,0.0,ADP-aware ILP,14668.400000000001,14668.400000000001,0.0,0.0,,OPTIMAL,OPTIMAL
2026,fangraph,2,0.0,Static IP,16329.900000000001,14668.400000000001,,,1661.5,OPTIMAL,OPTIMAL
2026,fangraph,2,0.0,Direct Greedy,14077.4,14668.400000000001,591.0000000000018,0.0402906929181098,,OPTIMAL,OPTIMAL
2026,fangraph,2,0.0,Opportunity Cost Greedy,14563.4,14668.400000000001,105.00000000000182,0.00715824493468966,,OPTIMAL,OPTIMAL
2026,fangraph,2,1.0,ADP-aware ILP,14704.800000000003,14704.800000000003,0.0,0.0,,OPTIMAL,OPTIMAL
2026,fangraph,2,1.0,Static IP,16329.900000000001,14704.800000000003,,,1625.0999999999985,OPTIMAL,OPTIMAL
2026,fangraph,2,1.0,Direct Greedy,14082.9,14704.800000000003,621.9000000000033,0.042292312714215984,,OPTIMAL,OPTIMAL
2026,fangraph,2,1.0,Opportunity Cost Greedy,14247.7,14704.800000000003,457.1000000000022,0.03108508786246682,,OPTIMAL,OPTIMAL
2026,fangraph,2,2.0,ADP-aware ILP,14704.800000000003,14704.800000000003,0.0,0.0,,OPTIMAL,OPTIMAL
2026,fangraph,2,2.0,Static IP,16329.900000000001,14704.800000000003,,,1625.0999999999985,OPTIMAL,OPTIMAL
2026,fangraph,2,2.0,Direct Greedy,14082.9,14704.800000000003,621.9000000000033,0.042292312714215984,,OPTIMAL,OPTIMAL
2026,fangraph,2,2.0,Opportunity Cost Greedy,14265.2,14704.800000000003,439.6000000000022,0.029895000272020165,,OPTIMAL,OPTIMAL
2026,fangraph,2,3.0,ADP-aware ILP,14704.800000000003,14704.800000000003,0.0,0.0,,OPTIMAL,OPTIMAL
2026,fangraph,2,3.0,Static IP,16329.900000000001,14704.800000000003,,,1625.0999999999985,OPTIMAL,OPTIMAL
2026,fangraph,2,3.0,Direct Greedy,14082.9,14704.800000000003,621.9000000000033,0.042292312714215984,,OPTIMAL,OPTIMAL
2026,fangraph,2,3.0,Opportunity Cost Greedy,14265.2,14704.800000000003,439.6000000000022,0.029895000272020165,,OPTIMAL,OPTIMAL
2026,fangraph,2,4.0,ADP-aware ILP,14704.800000000003,14704.800000000003,0.0,0.0,,OPTIMAL,OPTIMAL
2026,fangraph,2,4.0,Static IP,16329.900000000001,14704.800000000003,,,1625.0999999999985,OPTIMAL,OPTIMAL
2026,fangraph,2,4.0,Direct Greedy,14082.9,14704.800000000003,621.9000000000033,0.042292312714215984,,OPTIMAL,OPTIMAL
2026,fangraph,2,4.0,Opportunity Cost Greedy,14420.0,14704.800000000003,284.8000000000029,0.019367825471954928,,OPTIMAL,OPTIMAL
2026,fangraph,2,5.0,ADP-aware ILP,14825.400000000001,14825.400000000001,0.0,0.0,,OPTIMAL,OPTIMAL
2026,fangraph,2,5.0,Static IP,16329.900000000001,14825.400000000001,,,1504.5,OPTIMAL,OPTIMAL
2026,fangraph,2,5.0,Direct Greedy,14302.4,14825.400000000001,523.0000000000018,0.03527729437317049,,OPTIMAL,OPTIMAL
2026,fangraph,2,5.0,Opportunity Cost Greedy,14433.0,14825.400000000001,392.40000000000146,0.026468088550730597,,OPTIMAL,OPTIMAL
2026,fangraph,2,6.0,ADP-aware ILP,14825.400000000001,14825.400000000001,0.0,0.0,,OPTIMAL,OPTIMAL
2026,fangraph,2,6.0,Static IP,16329.900000000001,14825.400000000001,,,1504.5,OPTIMAL,OPTIMAL
2026,fangraph,2,6.0,Direct Greedy,14302.4,14825.400000000001,523.0000000000018,0.03527729437317049,,OPTIMAL,OPTIMAL
2026,fangraph,2,6.0,Opportunity Cost Greedy,14433.0,14825.400000000001,392.40000000000146,0.026468088550730597,,OPTIMAL,OPTIMAL
2026,fangraph,2,7.0,ADP-aware ILP,14890.100000000002,14890.100000000002,0.0,0.0,,OPTIMAL,OPTIMAL
2026,fangraph,2,7.0,Static IP,16329.900000000001,14890.100000000002,,,1439.7999999999993,OPTIMAL,OPTIMAL
2026,fangraph,2,7.0,Direct Greedy,14302.4,14890.100000000002,587.7000000000025,0.03946917750720294,,OPTIMAL,OPTIMAL
2026,fangraph,2,7.0,Opportunity Cost Greedy,14415.0,14890.100000000002,475.1000000000022,0.031907106063760626,,OPTIMAL,OPTIMAL
2026,fangraph,2,8.0,ADP-aware ILP,14890.100000000002,14890.100000000002,0.0,0.0,,OPTIMAL,OPTIMAL
2026,fangraph,2,8.0,Static IP,16329.900000000001,14890.100000000002,,,1439.7999999999993,OPTIMAL,OPTIMAL
2026,fangraph,2,8.0,Direct Greedy,14302.4,14890.100000000002,587.7000000000025,0.03946917750720294,,OPTIMAL,OPTIMAL
2026,fangraph,2,8.0,Opportunity Cost Greedy,14447.2,14890.100000000002,442.90000000000146,0.029744595402314382,,OPTIMAL,OPTIMAL
2026,fangraph,2,9.0,ADP-aware ILP,14890.100000000002,14890.100000000002,0.0,0.0,,OPTIMAL,OPTIMAL
2026,fangraph,2,9.0,Static IP,16329.900000000001,14890.100000000002,,,1439.7999999999993,OPTIMAL,OPTIMAL
2026,fangraph,2,9.0,Direct Greedy,14302.4,14890.100000000002,587.7000000000025,0.03946917750720294,,OPTIMAL,OPTIMAL
2026,fangraph,2,9.0,Opportunity Cost Greedy,14447.2,14890.100000000002,442.90000000000146,0.029744595402314382,,OPTIMAL,OPTIMAL
2026,fangraph,2,10.0,ADP-aware ILP,14890.100000000002,14890.100000000002,0.0,0.0,,OPTIMAL,OPTIMAL
2026,fangraph,2,10.0,Static IP,16329.900000000001,14890.100000000002,,,1439.7999999999993,OPTIMAL,OPTIMAL
2026,fangraph,2,10.0,Direct Greedy,14367.1,14890.100000000002,523.0000000000018,0.0351240085694523,,OPTIMAL,OPTIMAL
2026,fangraph,2,10.0,Opportunity Cost Greedy,14506.800000000001,14890.100000000002,383.3000000000011,0.025741935917153076,,OPTIMAL,OPTIMAL
2026,fangraph,3,-10.0,ADP-aware ILP,14353.300000000001,14353.300000000001,0.0,0.0,,OPTIMAL,OPTIMAL
2026,fangraph,3,-10.0,Static IP,16329.900000000001,14353.300000000001,,,1976.6000000000004,OPTIMAL,OPTIMAL
2026,fangraph,3,-10.0,Direct Greedy,13922.2,14353.300000000001,431.10000000000036,0.030034904865083315,,OPTIMAL,OPTIMAL
2026,fangraph,3,-10.0,Opportunity Cost Greedy,14143.1,14353.300000000001,210.20000000000073,0.014644715849316932,,OPTIMAL,OPTIMAL
2026,fangraph,3,-9.0,ADP-aware ILP,14373.800000000001,14373.800000000001,0.0,0.0,,OPTIMAL,OPTIMAL
2026,fangraph,3,-9.0,Static IP,16329.900000000001,14373.800000000001,,,1956.1000000000004,OPTIMAL,OPTIMAL
2026,fangraph,3,-9.0,Direct Greedy,13993.8,14373.800000000001,380.0000000000018,0.02643698952260375,,OPTIMAL,OPTIMAL
2026,fangraph,3,-9.0,Opportunity Cost Greedy,14143.099999999999,14373.800000000001,230.70000000000255,0.016050035481222958,,OPTIMAL,OPTIMAL
2026,fangraph,3,-8.0,ADP-aware ILP,14373.800000000001,14373.800000000001,0.0,0.0,,OPTIMAL,OPTIMAL
2026,fangraph,3,-8.0,Static IP,16329.900000000001,14373.800000000001,,,1956.1000000000004,OPTIMAL,OPTIMAL
2026,fangraph,3,-8.0,Direct Greedy,13993.8,14373.800000000001,380.0000000000018,0.02643698952260375,,OPTIMAL,OPTIMAL
2026,fangraph,3,-8.0,Opportunity Cost Greedy,14143.099999999999,14373.800000000001,230.70000000000255,0.016050035481222958,,OPTIMAL,OPTIMAL
2026,fangraph,3,-7.0,ADP-aware ILP,14408.300000000003,14408.300000000003,0.0,0.0,,OPTIMAL,OPTIMAL
2026,fangraph,3,-7.0,Static IP,16329.900000000001,14408.300000000003,,,1921.5999999999985,OPTIMAL,OPTIMAL
2026,fangraph,3,-7.0,Direct Greedy,13993.8,14408.300000000003,414.50000000000364,0.028768140585634917,,OPTIMAL,OPTIMAL
2026,fangraph,3,-7.0,Opportunity Cost Greedy,14192.099999999999,14408.300000000003,216.20000000000437,0.015005240035257756,,OPTIMAL,OPTIMAL
2026,fangraph,3,-6.0,ADP-aware ILP,14431.800000000003,14431.800000000003,0.0,0.0,,OPTIMAL,OPTIMAL
2026,fangraph,3,-6.0,Static IP,16329.900000000001,14431.800000000003,,,1898.0999999999985,OPTIMAL,OPTIMAL
2026,fangraph,3,-6.0,Direct Greedy,13993.8,14431.800000000003,438.00000000000364,0.03034964453498549,,OPTIMAL,OPTIMAL
2026,fangraph,3,-6.0,Opportunity Cost Greedy,14192.099999999999,14431.800000000003,239.70000000000437,0.01660915478318743,,OPTIMAL,OPTIMAL
2026,fangraph,3,-5.0,ADP-aware ILP,14431.800000000003,14431.800000000003,0.0,0.0,,OPTIMAL,OPTIMAL
2026,fangraph,3,-5.0,Static IP,16329.900000000001,14431.800000000003,,,1898.0999999999985,OPTIMAL,OPTIMAL
2026,fangraph,3,-5.0,Direct Greedy,13993.8,14431.800000000003,438.00000000000364,0.03034964453498549,,OPTIMAL,OPTIMAL
2026,fangraph,3,-5.0,Opportunity Cost Greedy,14192.099999999999,14431.800000000003,239.70000000000437,0.01660915478318743,,OPTIMAL,OPTIMAL
2026,fangraph,3,-4.0,ADP-aware ILP,14541.300000000003,14541.300000000003,0.0,0.0,,OPTIMAL,OPTIMAL
2026,fangraph,3,-4.0,Static IP,16329.900000000001,14541.300000000003,,,1788.5999999999985,OPTIMAL,OPTIMAL
2026,fangraph,3,-4.0,Direct Greedy,13993.8,14541.300000000003,547.5000000000036,0.03765137917517715,,OPTIMAL,OPTIMAL
2026,fangraph,3,-4.0,Opportunity Cost Greedy,14192.099999999999,14541.300000000003,349.20000000000437,0.02401435910131861,,OPTIMAL,OPTIMAL
2026,fangraph,3,-3.0,ADP-aware ILP,14621.400000000001,14621.400000000001,0.0,0.0,,OPTIMAL,OPTIMAL
2026,fangraph,3,-3.0,Static IP,16329.900000000001,14621.400000000001,,,1708.5,OPTIMAL,OPTIMAL
2026,fangraph,3,-3.0,Direct Greedy,13993.8,14621.400000000001,627.6000000000022,0.042923386269440825,,OPTIMAL,OPTIMAL
2026,fangraph,3,-3.0,Opportunity Cost Greedy,14307.2,14621.400000000001,314.2000000000007,0.02148905029614132,,OPTIMAL,OPTIMAL
2026,fangraph,3,-2.0,ADP-aware ILP,14655.900000000001,14655.900000000001,0.0,0.0,,OPTIMAL,OPTIMAL
2026,fangraph,3,-2.0,Static IP,16329.900000000001,14655.900000000001,,,1674.0,OPTIMAL,OPTIMAL
2026,fangraph,3,-2.0,Direct Greedy,14034.4,14655.900000000001,621.5000000000018,0.04240612995448944,,OPTIMAL,OPTIMAL
2026,fangraph,3,-2.0,Opportunity Cost Greedy,14307.2,14655.900000000001,348.7000000000007,0.023792465832872815,,OPTIMAL,OPTIMAL
2026,fangraph,3,-1.0,ADP-aware ILP,14655.900000000001,14655.900000000001,0.0,0.0,,OPTIMAL,OPTIMAL
2026,fangraph,3,-1.0,Static IP,16329.900000000001,14655.900000000001,,,1674.0,OPTIMAL,OPTIMAL
2026,fangraph,3,-1.0,Direct Greedy,14034.4,14655.900000000001,621.5000000000018,0.04240612995448944,,OPTIMAL,OPTIMAL
2026,fangraph,3,-1.0,Opportunity Cost Greedy,14307.2,14655.900000000001,348.7000000000007,0.023792465832872815,,OPTIMAL,OPTIMAL
2026,fangraph,3,0.0,ADP-aware ILP,14704.800000000003,14704.800000000003,0.0,0.0,,OPTIMAL,OPTIMAL
2026,fangraph,3,0.0,Static IP,16329.900000000001,14704.800000000003,,,1625.0999999999985,OPTIMAL,OPTIMAL
2026,fangraph,3,0.0,Direct Greedy,14077.4,14704.800000000003,627.4000000000033,0.04266634024264207,,OPTIMAL,OPTIMAL
2026,fangraph,3,0.0,Opportunity Cost Greedy,14374.3,14704.800000000003,330.50000000000364,0.022475654208149964,,OPTIMAL,OPTIMAL
2026,fangraph,3,1.0,ADP-aware ILP,14704.800000000003,14704.800000000003,0.0,0.0,,OPTIMAL,OPTIMAL
2026,fangraph,3,1.0,Static IP,16329.900000000001,14704.800000000003,,,1625.0999999999985,OPTIMAL,OPTIMAL
2026,fangraph,3,1.0,Direct Greedy,14077.4,14704.800000000003,627.4000000000033,0.04266634024264207,,OPTIMAL,OPTIMAL
2026,fangraph,3,1.0,Opportunity Cost Greedy,14374.3,14704.800000000003,330.50000000000364,0.022475654208149964,,OPTIMAL,OPTIMAL
2026,fangraph,3,2.0,ADP-aware ILP,14704.800000000003,14704.800000000003,0.0,0.0,,OPTIMAL,OPTIMAL
2026,fangraph,3,2.0,Static IP,16329.900000000001,14704.800000000003,,,1625.0999999999985,OPTIMAL,OPTIMAL
2026,fangraph,3,2.0,Direct Greedy,14082.9,14704.800000000003,621.9000000000033,0.042292312714215984,,OPTIMAL,OPTIMAL
2026,fangraph,3,2.0,Opportunity Cost Greedy,14247.7,14704.800000000003,457.1000000000022,0.03108508786246682,,OPTIMAL,OPTIMAL
2026,fangraph,3,3.0,ADP-aware ILP,14704.800000000003,14704.800000000003,0.0,0.0,,OPTIMAL,OPTIMAL
2026,fangraph,3,3.0,Static IP,16329.900000000001,14704.800000000003,,,1625.0999999999985,OPTIMAL,OPTIMAL
2026,fangraph,3,3.0,Direct Greedy,14082.9,14704.800000000003,621.9000000000033,0.042292312714215984,,OPTIMAL,OPTIMAL
2026,fangraph,3,3.0,Opportunity Cost Greedy,14265.2,14704.800000000003,439.6000000000022,0.029895000272020165,,OPTIMAL,OPTIMAL
2026,fangraph,3,4.0,ADP-aware ILP,14806.100000000002,14806.100000000002,0.0,0.0,,OPTIMAL,OPTIMAL
2026,fangraph,3,4.0,Static IP,16329.900000000001,14806.100000000002,,,1523.7999999999993,OPTIMAL,OPTIMAL
2026,fangraph,3,4.0,Direct Greedy,14302.4,14806.100000000002,503.70000000000255,0.03401976212507024,,OPTIMAL,OPTIMAL
2026,fangraph,3,4.0,Opportunity Cost Greedy,14433.0,14806.100000000002,373.1000000000022,0.025199073354901163,,OPTIMAL,OPTIMAL
2026,fangraph,3,5.0,ADP-aware ILP,14825.400000000001,14825.400000000001,0.0,0.0,,OPTIMAL,OPTIMAL
2026,fangraph,3,5.0,Static IP,16329.900000000001,14825.400000000001,,,1504.5,OPTIMAL,OPTIMAL
2026,fangraph,3,5.0,Direct Greedy,14302.4,14825.400000000001,523.0000000000018,0.03527729437317049,,OPTIMAL,OPTIMAL
2026,fangraph,3,5.0,Opportunity Cost Greedy,14433.0,14825.400000000001,392.40000000000146,0.026468088550730597,,OPTIMAL,OPTIMAL
2026,fangraph,3,6.0,ADP-aware ILP,14890.100000000002,14890.100000000002,0.0,0.0,,OPTIMAL,OPTIMAL
2026,fangraph,3,6.0,Static IP,16329.900000000001,14890.100000000002,,,1439.7999999999993,OPTIMAL,OPTIMAL
2026,fangraph,3,6.0,Direct Greedy,14302.4,14890.100000000002,587.7000000000025,0.03946917750720294,,OPTIMAL,OPTIMAL
2026,fangraph,3,6.0,Opportunity Cost Greedy,14415.0,14890.100000000002,475.1000000000022,0.031907106063760626,,OPTIMAL,OPTIMAL
2026,fangraph,3,7.0,ADP-aware ILP,14890.100000000002,14890.100000000002,0.0,0.0,,OPTIMAL,OPTIMAL
2026,fangraph,3,7.0,Static IP,16329.900000000001,14890.100000000002,,,1439.7999999999993,OPTIMAL,OPTIMAL
2026,fangraph,3,7.0,Direct Greedy,14302.4,14890.100000000002,587.7000000000025,0.03946917750720294,,OPTIMAL,OPTIMAL
2026,fangraph,3,7.0,Opportunity Cost Greedy,14415.0,14890.100000000002,475.1000000000022,0.031907106063760626,,OPTIMAL,OPTIMAL
2026,fangraph,3,8.0,ADP-aware ILP,14890.100000000002,14890.100000000002,0.0,0.0,,OPTIMAL,OPTIMAL
2026,fangraph,3,8.0,Static IP,16329.900000000001,14890.100000000002,,,1439.7999999999993,OPTIMAL,OPTIMAL
2026,fangraph,3,8.0,Direct Greedy,14302.4,14890.100000000002,587.7000000000025,0.03946917750720294,,OPTIMAL,OPTIMAL
2026,fangraph,3,8.0,Opportunity Cost Greedy,14415.0,14890.100000000002,475.1000000000022,0.031907106063760626,,OPTIMAL,OPTIMAL
2026,fangraph,3,9.0,ADP-aware ILP,14890.100000000002,14890.100000000002,0.0,0.0,,OPTIMAL,OPTIMAL
2026,fangraph,3,9.0,Static IP,16329.900000000001,14890.100000000002,,,1439.7999999999993,OPTIMAL,OPTIMAL
2026,fangraph,3,9.0,Direct Greedy,14302.4,14890.100000000002,587.7000000000025,0.03946917750720294,,OPTIMAL,OPTIMAL
2026,fangraph,3,9.0,Opportunity Cost Greedy,14506.800000000001,14890.100000000002,383.3000000000011,0.025741935917153076,,OPTIMAL,OPTIMAL
2026,fangraph,3,10.0,ADP-aware ILP,14919.400000000001,14919.400000000001,0.0,0.0,,OPTIMAL,OPTIMAL
2026,fangraph,3,10.0,Static IP,16329.900000000001,14919.400000000001,,,1410.5,OPTIMAL,OPTIMAL
2026,fangraph,3,10.0,Direct Greedy,14374.0,14919.400000000001,545.4000000000015,0.036556429883239365,,OPTIMAL,OPTIMAL
2026,fangraph,3,10.0,Opportunity Cost Greedy,14479.2,14919.400000000001,440.2000000000007,0.029505207984235338,,OPTIMAL,OPTIMAL
2026,fangraph,4,-10.0,ADP-aware ILP,14353.300000000001,14353.300000000001,0.0,0.0,,OPTIMAL,OPTIMAL
2026,fangraph,4,-10.0,Static IP,16329.900000000001,14353.300000000001,,,1976.6000000000004,OPTIMAL,OPTIMAL
2026,fangraph,4,-10.0,Direct Greedy,13922.2,14353.300000000001,431.10000000000036,0.030034904865083315,,OPTIMAL,OPTIMAL
2026,fangraph,4,-10.0,Opportunity Cost Greedy,14143.1,14353.300000000001,210.20000000000073,0.014644715849316932,,OPTIMAL,OPTIMAL
2026,fangraph,4,-9.0,ADP-aware ILP,14353.300000000001,14353.300000000001,0.0,0.0,,OPTIMAL,OPTIMAL
2026,fangraph,4,-9.0,Static IP,16329.900000000001,14353.300000000001,,,1976.6000000000004,OPTIMAL,OPTIMAL
2026,fangraph,4,-9.0,Direct Greedy,13922.2,14353.300000000001,431.10000000000036,0.030034904865083315,,OPTIMAL,OPTIMAL
2026,fangraph,4,-9.0,Opportunity Cost Greedy,14143.1,14353.300000000001,210.20000000000073,0.014644715849316932,,OPTIMAL,OPTIMAL
2026,fangraph,4,-8.0,ADP-aware ILP,14408.300000000003,14408.300000000003,0.0,0.0,,OPTIMAL,OPTIMAL
2026,fangraph,4,-8.0,Static IP,16329.900000000001,14408.300000000003,,,1921.5999999999985,OPTIMAL,OPTIMAL
2026,fangraph,4,-8.0,Direct Greedy,13993.8,14408.300000000003,414.50000000000364,0.028768140585634917,,OPTIMAL,OPTIMAL
2026,fangraph,4,-8.0,Opportunity Cost Greedy,14192.099999999999,14408.300000000003,216.20000000000437,0.015005240035257756,,OPTIMAL,OPTIMAL
2026,fangraph,4,-7.0,ADP-aware ILP,14408.300000000003,14408.300000000003,0.0,0.0,,OPTIMAL,OPTIMAL
2026,fangraph,4,-7.0,Static IP,16329.900000000001,14408.300000000003,,,1921.5999999999985,OPTIMAL,OPTIMAL
2026,fangraph,4,-7.0,Direct Greedy,13993.8,14408.300000000003,414.50000000000364,0.028768140585634917,,OPTIMAL,OPTIMAL
2026,fangraph,4,-7.0,Opportunity Cost Greedy,14192.099999999999,14408.300000000003,216.20000000000437,0.015005240035257756,,OPTIMAL,OPTIMAL
2026,fangraph,4,-6.0,ADP-aware ILP,14408.300000000003,14408.300000000003,0.0,0.0,,OPTIMAL,OPTIMAL
2026,fangraph,4,-6.0,Static IP,16329.900000000001,14408.300000000003,,,1921.5999999999985,OPTIMAL,OPTIMAL
2026,fangraph,4,-6.0,Direct Greedy,13993.8,14408.300000000003,414.50000000000364,0.028768140585634917,,OPTIMAL,OPTIMAL
2026,fangraph,4,-6.0,Opportunity Cost Greedy,14192.099999999999,14408.300000000003,216.20000000000437,0.015005240035257756,,OPTIMAL,OPTIMAL
2026,fangraph,4,-5.0,ADP-aware ILP,14541.300000000003,14541.300000000003,0.0,0.0,,OPTIMAL,OPTIMAL
2026,fangraph,4,-5.0,Static IP,16329.900000000001,14541.300000000003,,,1788.5999999999985,OPTIMAL,OPTIMAL
2026,fangraph,4,-5.0,Direct Greedy,13993.8,14541.300000000003,547.5000000000036,0.03765137917517715,,OPTIMAL,OPTIMAL
2026,fangraph,4,-5.0,Opportunity Cost Greedy,14192.099999999999,14541.300000000003,349.20000000000437,0.02401435910131861,,OPTIMAL,OPTIMAL
2026,fangraph,4,-4.0,ADP-aware ILP,14588.900000000001,14588.900000000001,0.0,0.0,,OPTIMAL,OPTIMAL
2026,fangraph,4,-4.0,Static IP,16329.900000000001,14588.900000000001,,,1741.0,OPTIMAL,OPTIMAL
2026,fangraph,4,-4.0,Direct Greedy,13993.8,14588.900000000001,595.1000000000022,0.04079128652605763,,OPTIMAL,OPTIMAL
2026,fangraph,4,-4.0,Opportunity Cost Greedy,14307.2,14588.900000000001,281.7000000000007,0.019309200830768647,,OPTIMAL,OPTIMAL
2026,fangraph,4,-3.0,ADP-aware ILP,14588.900000000001,14588.900000000001,0.0,0.0,,OPTIMAL,OPTIMAL
2026,fangraph,4,-3.0,Static IP,16329.900000000001,14588.900000000001,,,1741.0,OPTIMAL,OPTIMAL
2026,fangraph,4,-3.0,Direct Greedy,14034.4,14588.900000000001,554.5000000000018,0.03800834881313888,,OPTIMAL,OPTIMAL
2026,fangraph,4,-3.0,Opportunity Cost Greedy,14307.2,14588.900000000001,281.7000000000007,0.019309200830768647,,OPTIMAL,OPTIMAL
2026,fangraph,4,-2.0,ADP-aware ILP,14621.400000000001,14621.400000000001,0.0,0.0,,OPTIMAL,OPTIMAL
2026,fangraph,4,-2.0,Static IP,16329.900000000001,14621.400000000001,,,1708.5,OPTIMAL,OPTIMAL
2026,fangraph,4,-2.0,Direct Greedy,14034.4,14621.400000000001,587.0000000000018,0.04014663438521631,,OPTIMAL,OPTIMAL
2026,fangraph,4,-2.0,Opportunity Cost Greedy,14307.2,14621.400000000001,314.2000000000007,0.02148905029614132,,OPTIMAL,OPTIMAL
2026,fangraph,4,-1.0,ADP-aware ILP,14655.900000000001,14655.900000000001,0.0,0.0,,OPTIMAL,OPTIMAL
2026,fangraph,4,-1.0,Static IP,16329.900000000001,14655.900000000001,,,1674.0,OPTIMAL,OPTIMAL
2026,fangraph,4,-1.0,Direct Greedy,14034.4,14655.900000000001,621.5000000000018,0.04240612995448944,,OPTIMAL,OPTIMAL
2026,fangraph,4,-1.0,Opportunity Cost Greedy,14307.2,14655.900000000001,348.7000000000007,0.023792465832872815,,OPTIMAL,OPTIMAL
2026,fangraph,4,0.0,ADP-aware ILP,14655.900000000001,14655.900000000001,0.0,0.0,,OPTIMAL,OPTIMAL
2026,fangraph,4,0.0,Static IP,16329.900000000001,14655.900000000001,,,1674.0,OPTIMAL,OPTIMAL
2026,fangraph,4,0.0,Direct Greedy,14034.4,14655.900000000001,621.5000000000018,0.04240612995448944,,OPTIMAL,OPTIMAL
2026,fangraph,4,0.0,Opportunity Cost Greedy,14307.2,14655.900000000001,348.7000000000007,0.023792465832872815,,OPTIMAL,OPTIMAL
2026,fangraph,4,1.0,ADP-aware ILP,14704.800000000003,14704.800000000003,0.0,0.0,,OPTIMAL,OPTIMAL
2026,fangraph,4,1.0,Static IP,16329.900000000001,14704.800000000003,,,1625.0999999999985,OPTIMAL,OPTIMAL
2026,fangraph,4,1.0,Direct Greedy,14077.4,14704.800000000003,627.4000000000033,0.04266634024264207,,OPTIMAL,OPTIMAL
2026,fangraph,4,1.0,Opportunity Cost Greedy,14374.3,14704.800000000003,330.50000000000364,0.022475654208149964,,OPTIMAL,OPTIMAL
2026,fangraph,4,2.0,ADP-aware ILP,14704.800000000003,14704.800000000003,0.0,0.0,,OPTIMAL,OPTIMAL
2026,fangraph,4,2.0,Static IP,16329.900000000001,14704.800000000003,,,1625.0999999999985,OPTIMAL,OPTIMAL
2026,fangraph,4,2.0,Direct Greedy,14077.4,14704.800000000003,627.4000000000033,0.04266634024264207,,OPTIMAL,OPTIMAL
2026,fangraph,4,2.0,Opportunity Cost Greedy,14374.3,14704.800000000003,330.50000000000364,0.022475654208149964,,OPTIMAL,OPTIMAL
2026,fangraph,4,3.0,ADP-aware ILP,14806.100000000002,14806.100000000002,0.0,0.0,,OPTIMAL,OPTIMAL
2026,fangraph,4,3.0,Static IP,16329.900000000001,14806.100000000002,,,1523.7999999999993,OPTIMAL,OPTIMAL
2026,fangraph,4,3.0,Direct Greedy,14267.9,14806.100000000002,538.2000000000025,0.03634988281856819,,OPTIMAL,OPTIMAL
2026,fangraph,4,3.0,Opportunity Cost Greedy,14415.5,14806.100000000002,390.6000000000022,0.026381018634211717,,OPTIMAL,OPTIMAL
2026,fangraph,4,4.0,ADP-aware ILP,14806.100000000002,14806.100000000002,0.0,0.0,,OPTIMAL,OPTIMAL
2026,fangraph,4,4.0,Static IP,16329.900000000001,14806.100000000002,,,1523.7999999999993,OPTIMAL,OPTIMAL
2026,fangraph,4,4.0,Direct Greedy,14302.4,14806.100000000002,503.70000000000255,0.03401976212507024,,OPTIMAL,OPTIMAL
2026,fangraph,4,4.0,Opportunity Cost Greedy,14433.0,14806.100000000002,373.1000000000022,0.025199073354901163,,OPTIMAL,OPTIMAL
2026,fangraph,4,5.0,ADP-aware ILP,14865.200000000003,14865.200000000003,0.0,0.0,,OPTIMAL,OPTIMAL
2026,fangraph,4,5.0,Static IP,16329.900000000001,14865.200000000003,,,1464.699999999999,OPTIMAL,OPTIMAL
2026,fangraph,4,5.0,Direct Greedy,14302.4,14865.200000000003,562.8000000000029,0.03786023733283123,,OPTIMAL,OPTIMAL
2026,fangraph,4,5.0,Opportunity Cost Greedy,14510.6,14865.200000000003,354.6000000000022,0.023854371283265757,,OPTIMAL,OPTIMAL
2026,fangraph,4,6.0,ADP-aware ILP,14890.100000000002,14890.100000000002,0.0,0.0,,OPTIMAL,OPTIMAL
2026,fangraph,4,6.0,Static IP,16329.900000000001,14890.100000000002,,,1439.7999999999993,OPTIMAL,OPTIMAL
2026,fangraph,4,6.0,Direct Greedy,14302.4,14890.100000000002,587.7000000000025,0.03946917750720294,,OPTIMAL,OPTIMAL
2026,fangraph,4,6.0,Opportunity Cost Greedy,14415.0,14890.100000000002,475.1000000000022,0.031907106063760626,,OPTIMAL,OPTIMAL
2026,fangraph,4,7.0,ADP-aware ILP,14890.100000000002,14890.100000000002,0.0,0.0,,OPTIMAL,OPTIMAL
2026,fangraph,4,7.0,Static IP,16329.900000000001,14890.100000000002,,,1439.7999999999993,OPTIMAL,OPTIMAL
2026,fangraph,4,7.0,Direct Greedy,14302.4,14890.100000000002,587.7000000000025,0.03946917750720294,,OPTIMAL,OPTIMAL
2026,fangraph,4,7.0,Opportunity Cost Greedy,14415.0,14890.100000000002,475.1000000000022,0.031907106063760626,,OPTIMAL,OPTIMAL
2026,fangraph,4,8.0,ADP-aware ILP,14890.100000000002,14890.100000000002,0.0,0.0,,OPTIMAL,OPTIMAL
2026,fangraph,4,8.0,Static IP,16329.900000000001,14890.100000000002,,,1439.7999999999993,OPTIMAL,OPTIMAL
2026,fangraph,4,8.0,Direct Greedy,14302.4,14890.100000000002,587.7000000000025,0.03946917750720294,,OPTIMAL,OPTIMAL
2026,fangraph,4,8.0,Opportunity Cost Greedy,14415.0,14890.100000000002,475.1000000000022,0.031907106063760626,,OPTIMAL,OPTIMAL
2026,fangraph,4,9.0,ADP-aware ILP,14899.500000000002,14899.500000000002,0.0,0.0,,OPTIMAL,OPTIMAL
2026,fangraph,4,9.0,Static IP,16329.900000000001,14899.500000000002,,,1430.3999999999996,OPTIMAL,OPTIMAL
2026,fangraph,4,9.0,Direct Greedy,14374.0,14899.500000000002,525.5000000000018,0.03526963992080283,,OPTIMAL,OPTIMAL
2026,fangraph,4,9.0,Opportunity Cost Greedy,14415.0,14899.500000000002,484.5000000000018,0.03251786972717217,,OPTIMAL,OPTIMAL
2026,fangraph,4,10.0,ADP-aware ILP,14920.400000000001,14920.400000000001,0.0,0.0,,OPTIMAL,OPTIMAL
2026,fangraph,4,10.0,Static IP,16329.900000000001,14920.400000000001,,,1409.5,OPTIMAL,OPTIMAL
2026,fangraph,4,10.0,Direct Greedy,14374.0,14920.400000000001,546.4000000000015,0.03662100211790578,,OPTIMAL,OPTIMAL
2026,fangraph,4,10.0,Opportunity Cost Greedy,14479.2,14920.400000000001,441.2000000000007,0.02957025280823575,,OPTIMAL,OPTIMAL
2026,fangraph,5,-10.0,ADP-aware ILP,14353.300000000001,14353.300000000001,0.0,0.0,,OPTIMAL,OPTIMAL
2026,fangraph,5,-10.0,Static IP,16329.900000000001,14353.300000000001,,,1976.6000000000004,OPTIMAL,OPTIMAL
2026,fangraph,5,-10.0,Direct Greedy,13922.2,14353.300000000001,431.10000000000036,0.030034904865083315,,OPTIMAL,OPTIMAL
2026,fangraph,5,-10.0,Opportunity Cost Greedy,14143.1,14353.300000000001,210.20000000000073,0.014644715849316932,,OPTIMAL,OPTIMAL
2026,fangraph,5,-9.0,ADP-aware ILP,14387.800000000003,14387.800000000003,0.0,0.0,,OPTIMAL,OPTIMAL
2026,fangraph,5,-9.0,Static IP,16329.900000000001,14387.800000000003,,,1942.0999999999985,OPTIMAL,OPTIMAL
2026,fangraph,5,-9.0,Direct Greedy,13922.2,14387.800000000003,465.6000000000022,0.032360750079928974,,OPTIMAL,OPTIMAL
2026,fangraph,5,-9.0,Opportunity Cost Greedy,14192.099999999999,14387.800000000003,195.70000000000437,0.01360180152629341,,OPTIMAL,OPTIMAL
2026,fangraph,5,-8.0,ADP-aware ILP,14387.800000000003,14387.800000000003,0.0,0.0,,OPTIMAL,OPTIMAL
2026,fangraph,5,-8.0,Static IP,16329.900000000001,14387.800000000003,,,1942.0999999999985,OPTIMAL,OPTIMAL
2026,fangraph,5,-8.0,Direct Greedy,13922.2,14387.800000000003,465.6000000000022,0.032360750079928974,,OPTIMAL,OPTIMAL
2026,fangraph,5,-8.0,Opportunity Cost Greedy,14192.1,14387.800000000003,195.70000000000255,0.013601801526293283,,OPTIMAL,OPTIMAL
2026,fangraph,5,-7.0,ADP-aware ILP,14408.300000000003,14408.300000000003,0.0,0.0,,OPTIMAL,OPTIMAL
2026,fangraph,5,-7.0,Static IP,16329.900000000001,14408.300000000003,,,1921.5999999999985,OPTIMAL,OPTIMAL
2026,fangraph,5,-7.0,Direct Greedy,13993.8,14408.300000000003,414.50000000000364,0.028768140585634917,,OPTIMAL,OPTIMAL
2026,fangraph,5,-7.0,Opportunity Cost Greedy,14192.099999999999,14408.300000000003,216.20000000000437,0.015005240035257756,,OPTIMAL,OPTIMAL
2026,fangraph,5,-6.0,ADP-aware ILP,14517.800000000003,14517.800000000003,0.0,0.0,,OPTIMAL,OPTIMAL
2026,fangraph,5,-6.0,Static IP,16329.900000000001,14517.800000000003,,,1812.0999999999985,OPTIMAL,OPTIMAL
2026,fangraph,5,-6.0,Direct Greedy,13993.8,14517.800000000003,524.0000000000036,0.03609362300073038,,OPTIMAL,OPTIMAL
2026,fangraph,5,-6.0,Opportunity Cost Greedy,14192.099999999999,14517.800000000003,325.70000000000437,0.022434528647591528,,OPTIMAL,OPTIMAL
2026,fangraph,5,-5.0,ADP-aware ILP,14565.400000000001,14565.400000000001,0.0,0.0,,OPTIMAL,OPTIMAL
2026,fangraph,5,-5.0,Static IP,16329.900000000001,14565.400000000001,,,1764.5,OPTIMAL,OPTIMAL
2026,fangraph,5,-5.0,Direct Greedy,13993.8,14565.400000000001,571.6000000000022,0.0392436870940724,,OPTIMAL,OPTIMAL
2026,fangraph,5,-5.0,Opportunity Cost Greedy,14307.2,14565.400000000001,258.2000000000007,0.017726941930877333,,OPTIMAL,OPTIMAL
2026,fangraph,5,-4.0,ADP-aware ILP,14588.900000000001,14588.900000000001,0.0,0.0,,OPTIMAL,OPTIMAL
2026,fangraph,5,-4.0,Static IP,16329.900000000001,14588.900000000001,,,1741.0,OPTIMAL,OPTIMAL
2026,fangraph,5,-4.0,Direct Greedy,14034.4,14588.900000000001,554.5000000000018,0.03800834881313888,,OPTIMAL,OPTIMAL
2026,fangraph,5,-4.0,Opportunity Cost Greedy,14307.2,14588.900000000001,281.7000000000007,0.019309200830768647,,OPTIMAL,OPTIMAL
2026,fangraph,5,-3.0,ADP-aware ILP,14588.900000000001,14588.900000000001,0.0,0.0,,OPTIMAL,OPTIMAL
2026,fangraph,5,-3.0,Static IP,16329.900000000001,14588.900000000001,,,1741.0,OPTIMAL,OPTIMAL
2026,fangraph,5,-3.0,Direct Greedy,14034.4,14588.900000000001,554.5000000000018,0.03800834881313888,,OPTIMAL,OPTIMAL
2026,fangraph,5,-3.0,Opportunity Cost Greedy,14307.2,14588.900000000001,281.7000000000007,0.019309200830768647,,OPTIMAL,OPTIMAL
2026,fangraph,5,-2.0,ADP-aware ILP,14614.300000000003,14614.300000000003,0.0,0.0,,OPTIMAL,OPTIMAL
2026,fangraph,5,-2.0,Static IP,16329.900000000001,14614.300000000003,,,1715.5999999999985,OPTIMAL,OPTIMAL
2026,fangraph,5,-2.0,Direct Greedy,14034.4,14614.300000000003,579.9000000000033,0.03968031311797371,,OPTIMAL,OPTIMAL
2026,fangraph,5,-2.0,Opportunity Cost Greedy,14307.2,14614.300000000003,307.1000000000022,0.021013664698275123,,OPTIMAL,OPTIMAL
2026,fangraph,5,-1.0,ADP-aware ILP,14646.800000000003,14646.800000000003,0.0,0.0,,OPTIMAL,OPTIMAL
2026,fangraph,5,-1.0,Static IP,16329.900000000001,14646.800000000003,,,1683.0999999999985,OPTIMAL,OPTIMAL
2026,fangraph,5,-1.0,Direct Greedy,14034.4,14646.800000000003,612.4000000000033,0.04181118059917546,,OPTIMAL,OPTIMAL
2026,fangraph,5,-1.0,Opportunity Cost Greedy,14307.2,14646.800000000003,339.6000000000022,0.023185951880274332,,OPTIMAL,OPTIMAL
2026,fangraph,5,0.0,ADP-aware ILP,14655.900000000001,14655.900000000001,0.0,0.0,,OPTIMAL,OPTIMAL
2026,fangraph,5,0.0,Static IP,16329.900000000001,14655.900000000001,,,1674.0,OPTIMAL,OPTIMAL
2026,fangraph,5,0.0,Direct Greedy,14034.4,14655.900000000001,621.5000000000018,0.04240612995448944,,OPTIMAL,OPTIMAL
2026,fangraph,5,0.0,Opportunity Cost Greedy,14307.2,14655.900000000001,348.7000000000007,0.023792465832872815,,OPTIMAL,OPTIMAL
2026,fangraph,5,1.0,ADP-aware ILP,14655.900000000001,14655.900000000001,0.0,0.0,,OPTIMAL,OPTIMAL
2026,fangraph,5,1.0,Static IP,16329.900000000001,14655.900000000001,,,1674.0,OPTIMAL,OPTIMAL
2026,fangraph,5,1.0,Direct Greedy,14034.4,14655.900000000001,621.5000000000018,0.04240612995448944,,OPTIMAL,OPTIMAL
2026,fangraph,5,1.0,Opportunity Cost Greedy,14307.2,14655.900000000001,348.7000000000007,0.023792465832872815,,OPTIMAL,OPTIMAL
2026,fangraph,5,2.0,ADP-aware ILP,14717.400000000001,14717.400000000001,0.0,0.0,,OPTIMAL,OPTIMAL
2026,fangraph,5,2.0,Static IP,16329.900000000001,14717.400000000001,,,1612.5,OPTIMAL,OPTIMAL
2026,fangraph,5,2.0,Direct Greedy,14262.4,14717.400000000001,455.0000000000018,0.03091578675581297,,OPTIMAL,OPTIMAL
2026,fangraph,5,2.0,Opportunity Cost Greedy,14542.1,14717.400000000001,175.3000000000011,0.011911071248997858,,OPTIMAL,OPTIMAL
2026,fangraph,5,3.0,ADP-aware ILP,14800.500000000002,14800.500000000002,0.0,0.0,,OPTIMAL,OPTIMAL
2026,fangraph,5,3.0,Static IP,16329.900000000001,14800.500000000002,,,1529.3999999999996,OPTIMAL,OPTIMAL
2026,fangraph,5,3.0,Direct Greedy,14262.4,14800.500000000002,538.1000000000022,0.03635687983514085,,OPTIMAL,OPTIMAL
2026,fangraph,5,3.0,Opportunity Cost Greedy,14542.1,14800.500000000002,258.40000000000146,0.017458869632782772,,OPTIMAL,OPTIMAL
2026,fangraph,5,4.0,ADP-aware ILP,14865.200000000003,14865.200000000003,0.0,0.0,,OPTIMAL,OPTIMAL
2026,fangraph,5,4.0,Static IP,16329.900000000001,14865.200000000003,,,1464.699999999999,OPTIMAL,OPTIMAL
2026,fangraph,5,4.0,Direct Greedy,14267.9,14865.200000000003,597.3000000000029,0.0401810940989696,,OPTIMAL,OPTIMAL
2026,fangraph,5,4.0,Opportunity Cost Greedy,14510.6,14865.200000000003,354.6000000000022,0.023854371283265757,,OPTIMAL,OPTIMAL
2026,fangraph,5,5.0,ADP-aware ILP,14865.200000000003,14865.200000000003,0.0,0.0,,OPTIMAL,OPTIMAL
2026,fangraph,5,5.0,Static IP,16329.900000000001,14865.200000000003,,,1464.699999999999,OPTIMAL,OPTIMAL
2026,fangraph,5,5.0,Direct Greedy,14302.4,14865.200000000003,562.8000000000029,0.03786023733283123,,OPTIMAL,OPTIMAL
2026,fangraph,5,5.0,Opportunity Cost Greedy,14510.6,14865.200000000003,354.6000000000022,0.023854371283265757,,OPTIMAL,OPTIMAL
2026,fangraph,5,6.0,ADP-aware ILP,14865.200000000003,14865.200000000003,0.0,0.0,,OPTIMAL,OPTIMAL
2026,fangraph,5,6.0,Static IP,16329.900000000001,14865.200000000003,,,1464.699999999999,OPTIMAL,OPTIMAL
2026,fangraph,5,6.0,Direct Greedy,14302.4,14865.200000000003,562.8000000000029,0.03786023733283123,,OPTIMAL,OPTIMAL
2026,fangraph,5,6.0,Opportunity Cost Greedy,14510.6,14865.200000000003,354.6000000000022,0.023854371283265757,,OPTIMAL,OPTIMAL
2026,fangraph,5,7.0,ADP-aware ILP,14890.100000000002,14890.100000000002,0.0,0.0,,OPTIMAL,OPTIMAL
2026,fangraph,5,7.0,Static IP,16329.900000000001,14890.100000000002,,,1439.7999999999993,OPTIMAL,OPTIMAL
2026,fangraph,5,7.0,Direct Greedy,14302.4,14890.100000000002,587.7000000000025,0.03946917750720294,,OPTIMAL,OPTIMAL
2026,fangraph,5,7.0,Opportunity Cost Greedy,14415.0,14890.100000000002,475.1000000000022,0.031907106063760626,,OPTIMAL,OPTIMAL
2026,fangraph,5,8.0,ADP-aware ILP,14899.500000000002,14899.500000000002,0.0,0.0,,OPTIMAL,OPTIMAL
2026,fangraph,5,8.0,Static IP,16329.900000000001,14899.500000000002,,,1430.3999999999996,OPTIMAL,OPTIMAL
2026,fangraph,5,8.0,Direct Greedy,14374.0,14899.500000000002,525.5000000000018,0.03526963992080283,,OPTIMAL,OPTIMAL
2026,fangraph,5,8.0,Opportunity Cost Greedy,14415.0,14899.500000000002,484.5000000000018,0.03251786972717217,,OPTIMAL,OPTIMAL
2026,fangraph,5,9.0,ADP-aware ILP,14899.500000000002,14899.500000000002,0.0,0.0,,OPTIMAL,OPTIMAL
2026,fangraph,5,9.0,Static IP,16329.900000000001,14899.500000000002,,,1430.3999999999996,OPTIMAL,OPTIMAL
2026,fangraph,5,9.0,Direct Greedy,14374.0,14899.500000000002,525.5000000000018,0.03526963992080283,,OPTIMAL,OPTIMAL
2026,fangraph,5,9.0,Opportunity Cost Greedy,14415.0,14899.500000000002,484.5000000000018,0.03251786972717217,,OPTIMAL,OPTIMAL
2026,fangraph,5,10.0,ADP-aware ILP,14899.500000000002,14899.500000000002,0.0,0.0,,OPTIMAL,OPTIMAL
2026,fangraph,5,10.0,Static IP,16329.900000000001,14899.500000000002,,,1430.3999999999996,OPTIMAL,OPTIMAL
2026,fangraph,5,10.0,Direct Greedy,14374.0,14899.500000000002,525.5000000000018,0.03526963992080283,,OPTIMAL,OPTIMAL
2026,fangraph,5,10.0,Opportunity Cost Greedy,14415.0,14899.500000000002,484.5000000000018,0.03251786972717217,,OPTIMAL,OPTIMAL
2026,fangraph,6,-10.0,ADP-aware ILP,14387.800000000003,14387.800000000003,0.0,0.0,,OPTIMAL,OPTIMAL
2026,fangraph,6,-10.0,Static IP,16329.900000000001,14387.800000000003,,,1942.0999999999985,OPTIMAL,OPTIMAL
2026,fangraph,6,-10.0,Direct Greedy,13922.2,14387.800000000003,465.6000000000022,0.032360750079928974,,OPTIMAL,OPTIMAL
2026,fangraph,6,-10.0,Opportunity Cost Greedy,14192.099999999999,14387.800000000003,195.70000000000437,0.01360180152629341,,OPTIMAL,OPTIMAL
2026,fangraph,6,-9.0,ADP-aware ILP,14387.800000000003,14387.800000000003,0.0,0.0,,OPTIMAL,OPTIMAL
2026,fangraph,6,-9.0,Static IP,16329.900000000001,14387.800000000003,,,1942.0999999999985,OPTIMAL,OPTIMAL
2026,fangraph,6,-9.0,Direct Greedy,13922.2,14387.800000000003,465.6000000000022,0.032360750079928974,,OPTIMAL,OPTIMAL
2026,fangraph,6,-9.0,Opportunity Cost Greedy,14192.1,14387.800000000003,195.70000000000255,0.013601801526293283,,OPTIMAL,OPTIMAL
2026,fangraph,6,-8.0,ADP-aware ILP,14387.800000000003,14387.800000000003,0.0,0.0,,OPTIMAL,OPTIMAL
2026,fangraph,6,-8.0,Static IP,16329.900000000001,14387.800000000003,,,1942.0999999999985,OPTIMAL,OPTIMAL
2026,fangraph,6,-8.0,Direct Greedy,13922.2,14387.800000000003,465.6000000000022,0.032360750079928974,,OPTIMAL,OPTIMAL
2026,fangraph,6,-8.0,Opportunity Cost Greedy,14192.1,14387.800000000003,195.70000000000255,0.013601801526293283,,OPTIMAL,OPTIMAL
2026,fangraph,6,-7.0,ADP-aware ILP,14483.500000000002,14483.500000000002,0.0,0.0,,OPTIMAL,OPTIMAL
2026,fangraph,6,-7.0,Static IP,16329.900000000001,14483.500000000002,,,1846.3999999999996,OPTIMAL,OPTIMAL
2026,fangraph,6,-7.0,Direct Greedy,13922.2,14483.500000000002,561.3000000000011,0.03875444471294929,,OPTIMAL,OPTIMAL
2026,fangraph,6,-7.0,Opportunity Cost Greedy,14192.1,14483.500000000002,291.40000000000146,0.02011944626644122,,OPTIMAL,OPTIMAL
2026,fangraph,6,-6.0,ADP-aware ILP,14565.400000000001,14565.400000000001,0.0,0.0,,OPTIMAL,OPTIMAL
2026,fangraph,6,-6.0,Static IP,16329.900000000001,14565.400000000001,,,1764.5,OPTIMAL,OPTIMAL
2026,fangraph,6,-6.0,Direct Greedy,13993.8,14565.400000000001,571.6000000000022,0.0392436870940724,,OPTIMAL,OPTIMAL
2026,fangraph,6,-6.0,Opportunity Cost Greedy,14307.2,14565.400000000001,258.2000000000007,0.017726941930877333,,OPTIMAL,OPTIMAL
2026,fangraph,6,-5.0,ADP-aware ILP,14565.400000000001,14565.400000000001,0.0,0.0,,OPTIMAL,OPTIMAL
2026,fangraph,6,-5.0,Static IP,16329.900000000001,14565.400000000001,,,1764.5,OPTIMAL,OPTIMAL
2026,fangraph,6,-5.0,Direct Greedy,14034.4,14565.400000000001,531.0000000000018,0.036456259354360455,,OPTIMAL,OPTIMAL
2026,fangraph,6,-5.0,Opportunity Cost Greedy,14307.2,14565.400000000001,258.2000000000007,0.017726941930877333,,OPTIMAL,OPTIMAL
2026,fangraph,6,-4.0,ADP-aware ILP,14565.400000000001,14565.400000000001,0.0,0.0,,OPTIMAL,OPTIMAL
2026,fangraph,6,-4.0,Static IP,16329.900000000001,14565.400000000001,,,1764.5,OPTIMAL,OPTIMAL
2026,fangraph,6,-4.0,Direct Greedy,14034.4,14565.400000000001,531.0000000000018,0.036456259354360455,,OPTIMAL,OPTIMAL
2026,fangraph,6,-4.0,Opportunity Cost Greedy,14307.2,14565.400000000001,258.2000000000007,0.017726941930877333,,OPTIMAL,OPTIMAL
2026,fangraph,6,-3.0,ADP-aware ILP,14614.300000000003,14614.300000000003,0.0,0.0,,OPTIMAL,OPTIMAL
2026,fangraph,6,-3.0,Static IP,16329.900000000001,14614.300000000003,,,1715.5999999999985,OPTIMAL,OPTIMAL
2026,fangraph,6,-3.0,Direct Greedy,14034.4,14614.300000000003,579.9000000000033,0.03968031311797371,,OPTIMAL,OPTIMAL
2026,fangraph,6,-3.0,Opportunity Cost Greedy,14211.6,14614.300000000003,402.70000000000255,0.027555202780838114,,OPTIMAL,OPTIMAL
2026,fangraph,6,-2.0,ADP-aware ILP,14614.300000000003,14614.300000000003,0.0,0.0,,OPTIMAL,OPTIMAL
2026,fangraph,6,-2.0,Static IP,16329.900000000001,14614.300000000003,,,1715.5999999999985,OPTIMAL,OPTIMAL
2026,fangraph,6,-2.0,Direct Greedy,14034.4,14614.300000000003,579.9000000000033,0.03968031311797371,,OPTIMAL,OPTIMAL
2026,fangraph,6,-2.0,Opportunity Cost Greedy,14307.2,14614.300000000003,307.1000000000022,0.021013664698275123,,OPTIMAL,OPTIMAL
2026,fangraph,6,-1.0,ADP-aware ILP,14614.300000000003,14614.300000000003,0.0,0.0,,OPTIMAL,OPTIMAL
2026,fangraph,6,-1.0,Static IP,16329.900000000001,14614.300000000003,,,1715.5999999999985,OPTIMAL,OPTIMAL
2026,fangraph,6,-1.0,Direct Greedy,14034.4,14614.300000000003,579.9000000000033,0.03968031311797371,,OPTIMAL,OPTIMAL
2026,fangraph,6,-1.0,Opportunity Cost Greedy,14307.2,14614.300000000003,307.1000000000022,0.021013664698275123,,OPTIMAL,OPTIMAL
2026,fangraph,6,0.0,ADP-aware ILP,14646.800000000003,14646.800000000003,0.0,0.0,,OPTIMAL,OPTIMAL
2026,fangraph,6,0.0,Static IP,16329.900000000001,14646.800000000003,,,1683.0999999999985,OPTIMAL,OPTIMAL
2026,fangraph,6,0.0,Direct Greedy,14034.4,14646.800000000003,612.4000000000033,0.04181118059917546,,OPTIMAL,OPTIMAL
2026,fangraph,6,0.0,Opportunity Cost Greedy,14307.2,14646.800000000003,339.6000000000022,0.023185951880274332,,OPTIMAL,OPTIMAL
2026,fangraph,6,1.0,ADP-aware ILP,14668.000000000004,14668.000000000004,0.0,0.0,,OPTIMAL,OPTIMAL
2026,fangraph,6,1.0,Static IP,16329.900000000001,14668.000000000004,,,1661.8999999999978,OPTIMAL,OPTIMAL
2026,fangraph,6,1.0,Direct Greedy,14034.4,14668.000000000004,633.600000000004,0.04319607308426533,,OPTIMAL,OPTIMAL
2026,fangraph,6,1.0,Opportunity Cost Greedy,14346.7,14668.000000000004,321.3000000000029,0.021904826833924383,,OPTIMAL,OPTIMAL
2026,fangraph,6,2.0,ADP-aware ILP,14668.000000000004,14668.000000000004,0.0,0.0,,OPTIMAL,OPTIMAL
2026,fangraph,6,2.0,Static IP,16329.900000000001,14668.000000000004,,,1661.8999999999978,OPTIMAL,OPTIMAL
2026,fangraph,6,2.0,Direct Greedy,14034.4,14668.000000000004,633.600000000004,0.04319607308426533,,OPTIMAL,OPTIMAL
2026,fangraph,6,2.0,Opportunity Cost Greedy,14346.7,14668.000000000004,321.3000000000029,0.021904826833924383,,OPTIMAL,OPTIMAL
2026,fangraph,6,3.0,ADP-aware ILP,14717.400000000001,14717.400000000001,0.0,0.0,,OPTIMAL,OPTIMAL
2026,fangraph,6,3.0,Static IP,16329.900000000001,14717.400000000001,,,1612.5,OPTIMAL,OPTIMAL
2026,fangraph,6,3.0,Direct Greedy,14262.4,14717.400000000001,455.0000000000018,0.03091578675581297,,OPTIMAL,OPTIMAL
2026,fangraph,6,3.0,Opportunity Cost Greedy,14564.0,14717.400000000001,153.40000000000146,0.010423036677674144,,OPTIMAL,OPTIMAL
2026,fangraph,6,4.0,ADP-aware ILP,14805.000000000002,14805.000000000002,0.0,0.0,,OPTIMAL,OPTIMAL
2026,fangraph,6,4.0,Static IP,16329.900000000001,14805.000000000002,,,1524.8999999999996,OPTIMAL,OPTIMAL
2026,fangraph,6,4.0,Direct Greedy,14262.4,14805.000000000002,542.6000000000022,0.03664978047956786,,OPTIMAL,OPTIMAL
2026,fangraph,6,4.0,Opportunity Cost Greedy,14564.0,14805.000000000002,241.00000000000182,0.016278284363390867,,OPTIMAL,OPTIMAL
2026,fangraph,6,5.0,ADP-aware ILP,14865.200000000003,14865.200000000003,0.0,0.0,,OPTIMAL,OPTIMAL
2026,fangraph,6,5.0,Static IP,16329.900000000001,14865.200000000003,,,1464.699999999999,OPTIMAL,OPTIMAL
2026,fangraph,6,5.0,Direct Greedy,14267.9,14865.200000000003,597.3000000000029,0.0401810940989696,,OPTIMAL,OPTIMAL
2026,fangraph,6,5.0,Opportunity Cost Greedy,14510.6,14865.200000000003,354.6000000000022,0.023854371283265757,,OPTIMAL,OPTIMAL
2026,fangraph,6,6.0,ADP-aware ILP,14865.200000000003,14865.200000000003,0.0,0.0,,OPTIMAL,OPTIMAL
2026,fangraph,6,6.0,Static IP,16329.900000000001,14865.200000000003,,,1464.699999999999,OPTIMAL,OPTIMAL
2026,fangraph,6,6.0,Direct Greedy,14302.4,14865.200000000003,562.8000000000029,0.03786023733283123,,OPTIMAL,OPTIMAL
2026,fangraph,6,6.0,Opportunity Cost Greedy,14510.6,14865.200000000003,354.6000000000022,0.023854371283265757,,OPTIMAL,OPTIMAL
2026,fangraph,6,7.0,ADP-aware ILP,14899.500000000002,14899.500000000002,0.0,0.0,,OPTIMAL,OPTIMAL
2026,fangraph,6,7.0,Static IP,16329.900000000001,14899.500000000002,,,1430.3999999999996,OPTIMAL,OPTIMAL
2026,fangraph,6,7.0,Direct Greedy,14374.0,14899.500000000002,525.5000000000018,0.03526963992080283,,OPTIMAL,OPTIMAL
2026,fangraph,6,7.0,Opportunity Cost Greedy,14510.6,14899.500000000002,388.90000000000146,0.026101547031779686,,OPTIMAL,OPTIMAL
2026,fangraph,6,8.0,ADP-aware ILP,14899.500000000002,14899.500000000002,0.0,0.0,,OPTIMAL,OPTIMAL
2026,fangraph,6,8.0,Static IP,16329.900000000001,14899.500000000002,,,1430.3999999999996,OPTIMAL,OPTIMAL
2026,fangraph,6,8.0,Direct Greedy,14374.0,14899.500000000002,525.5000000000018,0.03526963992080283,,OPTIMAL,OPTIMAL
2026,fangraph,6,8.0,Opportunity Cost Greedy,14415.0,14899.500000000002,484.5000000000018,0.03251786972717217,,OPTIMAL,OPTIMAL
2026,fangraph,6,9.0,ADP-aware ILP,14899.500000000002,14899.500000000002,0.0,0.0,,OPTIMAL,OPTIMAL
2026,fangraph,6,9.0,Static IP,16329.900000000001,14899.500000000002,,,1430.3999999999996,OPTIMAL,OPTIMAL
2026,fangraph,6,9.0,Direct Greedy,14374.0,14899.500000000002,525.5000000000018,0.03526963992080283,,OPTIMAL,OPTIMAL
2026,fangraph,6,9.0,Opportunity Cost Greedy,14415.0,14899.500000000002,484.5000000000018,0.03251786972717217,,OPTIMAL,OPTIMAL
2026,fangraph,6,10.0,ADP-aware ILP,14923.000000000002,14923.000000000002,0.0,0.0,,OPTIMAL,OPTIMAL
2026,fangraph,6,10.0,Static IP,16329.900000000001,14923.000000000002,,,1406.8999999999996,OPTIMAL,OPTIMAL
2026,fangraph,6,10.0,Direct Greedy,14374.0,14923.000000000002,549.0000000000018,0.03678884942705902,,OPTIMAL,OPTIMAL
2026,fangraph,6,10.0,Opportunity Cost Greedy,14415.0,14923.000000000002,508.0000000000018,0.03404141258460107,,OPTIMAL,OPTIMAL
2026,fangraph,7,-10.0,ADP-aware ILP,14387.800000000003,14387.800000000003,0.0,0.0,,OPTIMAL,OPTIMAL
2026,fangraph,7,-10.0,Static IP,16329.900000000001,14387.800000000003,,,1942.0999999999985,OPTIMAL,OPTIMAL
2026,fangraph,7,-10.0,Direct Greedy,13922.2,14387.800000000003,465.6000000000022,0.032360750079928974,,OPTIMAL,OPTIMAL
2026,fangraph,7,-10.0,Opportunity Cost Greedy,14170.2,14387.800000000003,217.60000000000218,0.015123924435980632,,OPTIMAL,OPTIMAL
2026,fangraph,7,-9.0,ADP-aware ILP,14387.800000000003,14387.800000000003,0.0,0.0,,OPTIMAL,OPTIMAL
2026,fangraph,7,-9.0,Static IP,16329.900000000001,14387.800000000003,,,1942.0999999999985,OPTIMAL,OPTIMAL
2026,fangraph,7,-9.0,Direct Greedy,13922.2,14387.800000000003,465.6000000000022,0.032360750079928974,,OPTIMAL,OPTIMAL
2026,fangraph,7,-9.0,Opportunity Cost Greedy,14192.1,14387.800000000003,195.70000000000255,0.013601801526293283,,OPTIMAL,OPTIMAL
2026,fangraph,7,-8.0,ADP-aware ILP,14483.500000000002,14483.500000000002,0.0,0.0,,OPTIMAL,OPTIMAL
2026,fangraph,7,-8.0,Static IP,16329.900000000001,14483.500000000002,,,1846.3999999999996,OPTIMAL,OPTIMAL
2026,fangraph,7,-8.0,Direct Greedy,13922.2,14483.500000000002,561.3000000000011,0.03875444471294929,,OPTIMAL,OPTIMAL
2026,fangraph,7,-8.0,Opportunity Cost Greedy,14192.1,14483.500000000002,291.40000000000146,0.02011944626644122,,OPTIMAL,OPTIMAL
2026,fangraph,7,-7.0,ADP-aware ILP,14531.1,14531.1,0.0,0.0,,OPTIMAL,OPTIMAL
2026,fangraph,7,-7.0,Static IP,16329.900000000001,14531.1,,,1798.800000000001,OPTIMAL,OPTIMAL
2026,fangraph,7,-7.0,Direct Greedy,13922.2,14531.1,608.8999999999996,0.04190322824837759,,OPTIMAL,OPTIMAL
2026,fangraph,7,-7.0,Opportunity Cost Greedy,14307.2,14531.1,223.89999999999964,0.01540833109675108,,OPTIMAL,OPTIMAL
2026,fangraph,7,-6.0,ADP-aware ILP,14531.1,14531.1,0.0,0.0,,OPTIMAL,OPTIMAL
2026,fangraph,7,-6.0,Static IP,16329.900000000001,14531.1,,,1798.800000000001,OPTIMAL,OPTIMAL
2026,fangraph,7,-6.0,Direct Greedy,13962.8,14531.1,568.3000000000011,0.039109220912387985,,OPTIMAL,OPTIMAL
2026,fangraph,7,-6.0,Opportunity Cost Greedy,14307.2,14531.1,223.89999999999964,0.01540833109675108,,OPTIMAL,OPTIMAL
2026,fangraph,7,-5.0,ADP-aware ILP,14565.400000000001,14565.400000000001,0.0,0.0,,OPTIMAL,OPTIMAL
2026,fangraph,7,-5.0,Static IP,16329.900000000001,14565.400000000001,,,1764.5,OPTIMAL,OPTIMAL
2026,fangraph,7,-5.0,Direct Greedy,14034.4,14565.400000000001,531.0000000000018,0.036456259354360455,,OPTIMAL,OPTIMAL
2026,fangraph,7,-5.0,Opportunity Cost Greedy,14307.2,14565.400000000001,258.2000000000007,0.017726941930877333,,OPTIMAL,OPTIMAL
2026,fangraph,7,-4.0,ADP-aware ILP,14590.800000000003,14590.800000000003,0.0,0.0,,OPTIMAL,OPTIMAL
2026,fangraph,7,-4.0,Static IP,16329.900000000001,14590.800000000003,,,1739.0999999999985,OPTIMAL,OPTIMAL
2026,fangraph,7,-4.0,Direct Greedy,14034.4,14590.800000000003,556.4000000000033,0.03813361844449949,,OPTIMAL,OPTIMAL
2026,fangraph,7,-4.0,Opportunity Cost Greedy,14211.6,14590.800000000003,379.20000000000255,0.025988979356855173,,OPTIMAL,OPTIMAL
2026,fangraph,7,-3.0,ADP-aware ILP,14590.800000000003,14590.800000000003,0.0,0.0,,OPTIMAL,OPTIMAL
2026,fangraph,7,-3.0,Static IP,16329.900000000001,14590.800000000003,,,1739.0999999999985,OPTIMAL,OPTIMAL
2026,fangraph,7,-3.0,Direct Greedy,14034.4,14590.800000000003,556.4000000000033,0.03813361844449949,,OPTIMAL,OPTIMAL
2026,fangraph,7,-3.0,Opportunity Cost Greedy,14211.6,14590.800000000003,379.20000000000255,0.025988979356855173,,OPTIMAL,OPTIMAL
2026,fangraph,7,-2.0,ADP-aware ILP,14614.300000000003,14614.300000000003,0.0,0.0,,OPTIMAL,OPTIMAL
2026,fangraph,7,-2.0,Static IP,16329.900000000001,14614.300000000003,,,1715.5999999999985,OPTIMAL,OPTIMAL
2026,fangraph,7,-2.0,Direct Greedy,14034.4,14614.300000000003,579.9000000000033,0.03968031311797371,,OPTIMAL,OPTIMAL
2026,fangraph,7,-2.0,Opportunity Cost Greedy,14211.6,14614.300000000003,402.70000000000255,0.027555202780838114,,OPTIMAL,OPTIMAL
2026,fangraph,7,-1.0,ADP-aware ILP,14614.300000000003,14614.300000000003,0.0,0.0,,OPTIMAL,OPTIMAL
2026,fangraph,7,-1.0,Static IP,16329.900000000001,14614.300000000003,,,1715.5999999999985,OPTIMAL,OPTIMAL
2026,fangraph,7,-1.0,Direct Greedy,14034.4,14614.300000000003,579.9000000000033,0.03968031311797371,,OPTIMAL,OPTIMAL
2026,fangraph,7,-1.0,Opportunity Cost Greedy,14307.2,14614.300000000003,307.1000000000022,0.021013664698275123,,OPTIMAL,OPTIMAL
2026,fangraph,7,0.0,ADP-aware ILP,14614.300000000003,14614.300000000003,0.0,0.0,,OPTIMAL,OPTIMAL
2026,fangraph,7,0.0,Static IP,16329.900000000001,14614.300000000003,,,1715.5999999999985,OPTIMAL,OPTIMAL
2026,fangraph,7,0.0,Direct Greedy,14034.4,14614.300000000003,579.9000000000033,0.03968031311797371,,OPTIMAL,OPTIMAL
2026,fangraph,7,0.0,Opportunity Cost Greedy,14383.5,14614.300000000003,230.8000000000029,0.01579275093572753,,OPTIMAL,OPTIMAL
2026,fangraph,7,1.0,ADP-aware ILP,14646.800000000003,14646.800000000003,0.0,0.0,,OPTIMAL,OPTIMAL
2026,fangraph,7,1.0,Static IP,16329.900000000001,14646.800000000003,,,1683.0999999999985,OPTIMAL,OPTIMAL
2026,fangraph,7,1.0,Direct Greedy,14034.4,14646.800000000003,612.4000000000033,0.04181118059917546,,OPTIMAL,OPTIMAL
2026,fangraph,7,1.0,Opportunity Cost Greedy,14426.6,14646.800000000003,220.20000000000255,0.015034000600814,,OPTIMAL,OPTIMAL
2026,fangraph,7,2.0,ADP-aware ILP,14668.000000000004,14668.000000000004,0.0,0.0,,OPTIMAL,OPTIMAL
2026,fangraph,7,2.0,Static IP,16329.900000000001,14668.000000000004,,,1661.8999999999978,OPTIMAL,OPTIMAL
2026,fangraph,7,2.0,Direct Greedy,14034.4,14668.000000000004,633.600000000004,0.04319607308426533,,OPTIMAL,OPTIMAL
2026,fangraph,7,2.0,Opportunity Cost Greedy,14344.5,14668.000000000004,323.50000000000364,0.02205481319880035,,OPTIMAL,OPTIMAL
2026,fangraph,7,3.0,ADP-aware ILP,14668.000000000004,14668.000000000004,0.0,0.0,,OPTIMAL,OPTIMAL
2026,fangraph,7,3.0,Static IP,16329.900000000001,14668.000000000004,,,1661.8999999999978,OPTIMAL,OPTIMAL
2026,fangraph,7,3.0,Direct Greedy,14034.4,14668.000000000004,633.600000000004,0.04319607308426533,,OPTIMAL,OPTIMAL
2026,fangraph,7,3.0,Opportunity Cost Greedy,14344.5,14668.000000000004,323.50000000000364,0.02205481319880035,,OPTIMAL,OPTIMAL
2026,fangraph,7,4.0,ADP-aware ILP,14717.400000000001,14717.400000000001,0.0,0.0,,OPTIMAL,OPTIMAL
2026,fangraph,7,4.0,Static IP,16329.900000000001,14717.400000000001,,,1612.5,OPTIMAL,OPTIMAL
2026,fangraph,7,4.0,Direct Greedy,14262.4,14717.400000000001,455.0000000000018,0.03091578675581297,,OPTIMAL,OPTIMAL
2026,fangraph,7,4.0,Opportunity Cost Greedy,14564.0,14717.400000000001,153.40000000000146,0.010423036677674144,,OPTIMAL,OPTIMAL
2026,fangraph,7,5.0,ADP-aware ILP,14805.000000000002,14805.000000000002,0.0,0.0,,OPTIMAL,OPTIMAL
2026,fangraph,7,5.0,Static IP,16329.900000000001,14805.000000000002,,,1524.8999999999996,OPTIMAL,OPTIMAL
2026,fangraph,7,5.0,Direct Greedy,14262.4,14805.000000000002,542.6000000000022,0.03664978047956786,,OPTIMAL,OPTIMAL
2026,fangraph,7,5.0,Opportunity Cost Greedy,14564.0,14805.000000000002,241.00000000000182,0.016278284363390867,,OPTIMAL,OPTIMAL
2026,fangraph,7,6.0,ADP-aware ILP,14899.500000000002,14899.500000000002,0.0,0.0,,OPTIMAL,OPTIMAL
2026,fangraph,7,6.0,Static IP,16329.900000000001,14899.500000000002,,,1430.3999999999996,OPTIMAL,OPTIMAL
2026,fangraph,7,6.0,Direct Greedy,14339.5,14899.500000000002,560.0000000000018,0.03758515386422375,,OPTIMAL,OPTIMAL
2026,fangraph,7,6.0,Opportunity Cost Greedy,14510.6,14899.500000000002,388.90000000000146,0.026101547031779686,,OPTIMAL,OPTIMAL
2026,fangraph,7,7.0,ADP-aware ILP,14899.500000000002,14899.500000000002,0.0,0.0,,OPTIMAL,OPTIMAL
2026,fangraph,7,7.0,Static IP,16329.900000000001,14899.500000000002,,,1430.3999999999996,OPTIMAL,OPTIMAL
2026,fangraph,7,7.0,Direct Greedy,14374.0,14899.500000000002,525.5000000000018,0.03526963992080283,,OPTIMAL,OPTIMAL
2026,fangraph,7,7.0,Opportunity Cost Greedy,14510.6,14899.500000000002,388.90000000000146,0.026101547031779686,,OPTIMAL,OPTIMAL
2026,fangraph,7,8.0,ADP-aware ILP,14899.500000000002,14899.500000000002,0.0,0.0,,OPTIMAL,OPTIMAL
2026,fangraph,7,8.0,Static IP,16329.900000000001,14899.500000000002,,,1430.3999999999996,OPTIMAL,OPTIMAL
2026,fangraph,7,8.0,Direct Greedy,14374.0,14899.500000000002,525.5000000000018,0.03526963992080283,,OPTIMAL,OPTIMAL
2026,fangraph,7,8.0,Opportunity Cost Greedy,14510.6,14899.500000000002,388.90000000000146,0.026101547031779686,,OPTIMAL,OPTIMAL
2026,fangraph,7,9.0,ADP-aware ILP,14923.000000000002,14923.000000000002,0.0,0.0,,OPTIMAL,OPTIMAL
2026,fangraph,7,9.0,Static IP,16329.900000000001,14923.000000000002,,,1406.8999999999996,OPTIMAL,OPTIMAL
2026,fangraph,7,9.0,Direct Greedy,14374.0,14923.000000000002,549.0000000000018,0.03678884942705902,,OPTIMAL,OPTIMAL
2026,fangraph,7,9.0,Opportunity Cost Greedy,14415.0,14923.000000000002,508.0000000000018,0.03404141258460107,,OPTIMAL,OPTIMAL
2026,fangraph,7,10.0,ADP-aware ILP,14931.300000000001,14931.300000000001,0.0,0.0,,OPTIMAL,OPTIMAL
2026,fangraph,7,10.0,Static IP,16329.900000000001,14931.300000000001,,,1398.6000000000004,OPTIMAL,OPTIMAL
2026,fangraph,7,10.0,Direct Greedy,14374.0,14931.300000000001,557.3000000000011,0.0373242785289962,,OPTIMAL,OPTIMAL
2026,fangraph,7,10.0,Opportunity Cost Greedy,14510.6,14931.300000000001,420.7000000000007,0.028175711424993182,,OPTIMAL,OPTIMAL
2026,fangraph,8,-10.0,ADP-aware ILP,14387.800000000003,14387.800000000003,0.0,0.0,,OPTIMAL,OPTIMAL
2026,fangraph,8,-10.0,Static IP,16329.900000000001,14387.800000000003,,,1942.0999999999985,OPTIMAL,OPTIMAL
2026,fangraph,8,-10.0,Direct Greedy,13922.2,14387.800000000003,465.6000000000022,0.032360750079928974,,OPTIMAL,OPTIMAL
2026,fangraph,8,-10.0,Opportunity Cost Greedy,14170.2,14387.800000000003,217.60000000000218,0.015123924435980632,,OPTIMAL,OPTIMAL
2026,fangraph,8,-9.0,ADP-aware ILP,14483.500000000002,14483.500000000002,0.0,0.0,,OPTIMAL,OPTIMAL
2026,fangraph,8,-9.0,Static IP,16329.900000000001,14483.500000000002,,,1846.3999999999996,OPTIMAL,OPTIMAL
2026,fangraph,8,-9.0,Direct Greedy,13922.2,14483.500000000002,561.3000000000011,0.03875444471294929,,OPTIMAL,OPTIMAL
2026,fangraph,8,-9.0,Opportunity Cost Greedy,14170.2,14483.500000000002,313.3000000000011,0.02163151172023344,,OPTIMAL,OPTIMAL
2026,fangraph,8,-8.0,ADP-aware ILP,14531.1,14531.1,0.0,0.0,,OPTIMAL,OPTIMAL
2026,fangraph,8,-8.0,Static IP,16329.900000000001,14531.1,,,1798.800000000001,OPTIMAL,OPTIMAL
2026,fangraph,8,-8.0,Direct Greedy,13922.2,14531.1,608.8999999999996,0.04190322824837759,,OPTIMAL,OPTIMAL
2026,fangraph,8,-8.0,Opportunity Cost Greedy,14307.2,14531.1,223.89999999999964,0.01540833109675108,,OPTIMAL,OPTIMAL
2026,fangraph,8,-7.0,ADP-aware ILP,14531.1,14531.1,0.0,0.0,,OPTIMAL,OPTIMAL
2026,fangraph,8,-7.0,Static IP,16329.900000000001,14531.1,,,1798.800000000001,OPTIMAL,OPTIMAL
2026,fangraph,8,-7.0,Direct Greedy,13962.8,14531.1,568.3000000000011,0.039109220912387985,,OPTIMAL,OPTIMAL
2026,fangraph,8,-7.0,Opportunity Cost Greedy,14307.2,14531.1,223.89999999999964,0.01540833109675108,,OPTIMAL,OPTIMAL
2026,fangraph,8,-6.0,ADP-aware ILP,14531.1,14531.1,0.0,0.0,,OPTIMAL,OPTIMAL
2026,fangraph,8,-6.0,Static IP,16329.900000000001,14531.1,,,1798.800000000001,OPTIMAL,OPTIMAL
2026,fangraph,8,-6.0,Direct Greedy,13962.8,14531.1,568.3000000000011,0.039109220912387985,,OPTIMAL,OPTIMAL
2026,fangraph,8,-6.0,Opportunity Cost Greedy,14307.2,14531.1,223.89999999999964,0.01540833109675108,,OPTIMAL,OPTIMAL
2026,fangraph,8,-5.0,ADP-aware ILP,14556.000000000002,14556.000000000002,0.0,0.0,,OPTIMAL,OPTIMAL
2026,fangraph,8,-5.0,Static IP,16329.900000000001,14556.000000000002,,,1773.8999999999996,OPTIMAL,OPTIMAL
2026,fangraph,8,-5.0,Direct Greedy,13962.8,14556.000000000002,593.2000000000025,0.04075295410827167,,OPTIMAL,OPTIMAL
2026,fangraph,8,-5.0,Opportunity Cost Greedy,14211.6,14556.000000000002,344.40000000000146,0.023660346248969594,,OPTIMAL,OPTIMAL
2026,fangraph,8,-4.0,ADP-aware ILP,14589.800000000003,14589.800000000003,0.0,0.0,,OPTIMAL,OPTIMAL
2026,fangraph,8,-4.0,Static IP,16329.900000000001,14589.800000000003,,,1740.0999999999985,OPTIMAL,OPTIMAL
2026,fangraph,8,-4.0,Direct Greedy,14034.4,14589.800000000003,555.4000000000033,0.03806769112667776,,OPTIMAL,OPTIMAL
2026,fangraph,8,-4.0,Opportunity Cost Greedy,14211.6,14589.800000000003,378.20000000000255,0.025922219632894383,,OPTIMAL,OPTIMAL
2026,fangraph,8,-3.0,ADP-aware ILP,14590.800000000003,14590.800000000003,0.0,0.0,,OPTIMAL,OPTIMAL
2026,fangraph,8,-3.0,Static IP,16329.900000000001,14590.800000000003,,,1739.0999999999985,OPTIMAL,OPTIMAL
2026,fangraph,8,-3.0,Direct Greedy,14034.4,14590.800000000003,556.4000000000033,0.03813361844449949,,OPTIMAL,OPTIMAL
2026,fangraph,8,-3.0,Opportunity Cost Greedy,14211.6,14590.800000000003,379.20000000000255,0.025988979356855173,,OPTIMAL,OPTIMAL
2026,fangraph,8,-2.0,ADP-aware ILP,14590.800000000003,14590.800000000003,0.0,0.0,,OPTIMAL,OPTIMAL
2026,fangraph,8,-2.0,Static IP,16329.900000000001,14590.800000000003,,,1739.0999999999985,OPTIMAL,OPTIMAL
2026,fangraph,8,-2.0,Direct Greedy,14034.4,14590.800000000003,556.4000000000033,0.03813361844449949,,OPTIMAL,OPTIMAL
2026,fangraph,8,-2.0,Opportunity Cost Greedy,14211.6,14590.800000000003,379.20000000000255,0.025988979356855173,,OPTIMAL,OPTIMAL
2026,fangraph,8,-1.0,ADP-aware ILP,14614.300000000003,14614.300000000003,0.0,0.0,,OPTIMAL,OPTIMAL
2026,fangraph,8,-1.0,Static IP,16329.900000000001,14614.300000000003,,,1715.5999999999985,OPTIMAL,OPTIMAL
2026,fangraph,8,-1.0,Direct Greedy,14034.4,14614.300000000003,579.9000000000033,0.03968031311797371,,OPTIMAL,OPTIMAL
2026,fangraph,8,-1.0,Opportunity Cost Greedy,14287.900000000001,14614.300000000003,326.40000000000146,0.0223342890182904,,OPTIMAL,OPTIMAL
2026,fangraph,8,0.0,ADP-aware ILP,14614.300000000003,14614.300000000003,0.0,0.0,,OPTIMAL,OPTIMAL
2026,fangraph,8,0.0,Static IP,16329.900000000001,14614.300000000003,,,1715.5999999999985,OPTIMAL,OPTIMAL
2026,fangraph,8,0.0,Direct Greedy,14034.4,14614.300000000003,579.9000000000033,0.03968031311797371,,OPTIMAL,OPTIMAL
2026,fangraph,8,0.0,Opportunity Cost Greedy,14383.5,14614.300000000003,230.8000000000029,0.01579275093572753,,OPTIMAL,OPTIMAL
2026,fangraph,8,1.0,ADP-aware ILP,14614.300000000003,14614.300000000003,0.0,0.0,,OPTIMAL,OPTIMAL
2026,fangraph,8,1.0,Static IP,16329.900000000001,14614.300000000003,,,1715.5999999999985,OPTIMAL,OPTIMAL
2026,fangraph,8,1.0,Direct Greedy,14034.4,14614.300000000003,579.9000000000033,0.03968031311797371,,OPTIMAL,OPTIMAL
2026,fangraph,8,1.0,Opportunity Cost Greedy,14356.4,14614.300000000003,257.9000000000033,0.017647099074194674,,OPTIMAL,OPTIMAL
2026,fangraph,8,2.0,ADP-aware ILP,14646.800000000003,14646.800000000003,0.0,0.0,,OPTIMAL,OPTIMAL
2026,fangraph,8,2.0,Static IP,16329.900000000001,14646.800000000003,,,1683.0999999999985,OPTIMAL,OPTIMAL
2026,fangraph,8,2.0,Direct Greedy,14034.4,14646.800000000003,612.4000000000033,0.04181118059917546,,OPTIMAL,OPTIMAL
2026,fangraph,8,2.0,Opportunity Cost Greedy,14399.5,14646.800000000003,247.3000000000029,0.016884234098916,,OPTIMAL,OPTIMAL
2026,fangraph,8,3.0,ADP-aware ILP,14668.000000000004,14668.000000000004,0.0,0.0,,OPTIMAL,OPTIMAL
2026,fangraph,8,3.0,Static IP,16329.900000000001,14668.000000000004,,,1661.8999999999978,OPTIMAL,OPTIMAL
2026,fangraph,8,3.0,Direct Greedy,14034.4,14668.000000000004,633.600000000004,0.04319607308426533,,OPTIMAL,OPTIMAL
2026,fangraph,8,3.0,Opportunity Cost Greedy,14344.5,14668.000000000004,323.50000000000364,0.02205481319880035,,OPTIMAL,OPTIMAL
2026,fangraph,8,4.0,ADP-aware ILP,14668.000000000004,14668.000000000004,0.0,0.0,,OPTIMAL,OPTIMAL
2026,fangraph,8,4.0,Static IP,16329.900000000001,14668.000000000004,,,1661.8999999999978,OPTIMAL,OPTIMAL
2026,fangraph,8,4.0,Direct Greedy,14034.4,14668.000000000004,633.600000000004,0.04319607308426533,,OPTIMAL,OPTIMAL
2026,fangraph,8,4.0,Opportunity Cost Greedy,14344.5,14668.000000000004,323.50000000000364,0.02205481319880035,,OPTIMAL,OPTIMAL
2026,fangraph,8,5.0,ADP-aware ILP,14737.900000000001,14737.900000000001,0.0,0.0,,OPTIMAL,OPTIMAL
2026,fangraph,8,5.0,Static IP,16329.900000000001,14737.900000000001,,,1592.0,OPTIMAL,OPTIMAL
2026,fangraph,8,5.0,Direct Greedy,14334.0,14737.900000000001,403.90000000000146,0.027405532674261695,,OPTIMAL,OPTIMAL
2026,fangraph,8,5.0,Opportunity Cost Greedy,14564.0,14737.900000000001,173.90000000000146,0.011799510106596018,,OPTIMAL,OPTIMAL
2026,fangraph,8,6.0,ADP-aware ILP,14847.400000000001,14847.400000000001,0.0,0.0,,OPTIMAL,OPTIMAL
2026,fangraph,8,6.0,Static IP,16329.900000000001,14847.400000000001,,,1482.5,OPTIMAL,OPTIMAL
2026,fangraph,8,6.0,Direct Greedy,14334.0,14847.400000000001,513.4000000000015,0.03457844471085856,,OPTIMAL,OPTIMAL
2026,fangraph,8,6.0,Opportunity Cost Greedy,14564.0,14847.400000000001,283.40000000000146,0.019087517006344642,,OPTIMAL,OPTIMAL
2026,fangraph,8,7.0,ADP-aware ILP,14899.500000000002,14899.500000000002,0.0,0.0,,OPTIMAL,OPTIMAL
2026,fangraph,8,7.0,Static IP,16329.900000000001,14899.500000000002,,,1430.3999999999996,OPTIMAL,OPTIMAL
2026,fangraph,8,7.0,Direct Greedy,14339.5,14899.500000000002,560.0000000000018,0.03758515386422375,,OPTIMAL,OPTIMAL
2026,fangraph,8,7.0,Opportunity Cost Greedy,14510.6,14899.500000000002,388.90000000000146,0.026101547031779686,,OPTIMAL,OPTIMAL
2026,fangraph,8,8.0,ADP-aware ILP,14923.000000000002,14923.000000000002,0.0,0.0,,OPTIMAL,OPTIMAL
2026,fangraph,8,8.0,Static IP,16329.900000000001,14923.000000000002,,,1406.8999999999996,OPTIMAL,OPTIMAL
2026,fangraph,8,8.0,Direct Greedy,14374.0,14923.000000000002,549.0000000000018,0.03678884942705902,,OPTIMAL,OPTIMAL
2026,fangraph,8,8.0,Opportunity Cost Greedy,14510.6,14923.000000000002,412.40000000000146,0.027635193995845433,,OPTIMAL,OPTIMAL
2026,fangraph,8,9.0,ADP-aware ILP,14923.000000000002,14923.000000000002,0.0,0.0,,OPTIMAL,OPTIMAL
2026,fangraph,8,9.0,Static IP,16329.900000000001,14923.000000000002,,,1406.8999999999996,OPTIMAL,OPTIMAL
2026,fangraph,8,9.0,Direct Greedy,14374.0,14923.000000000002,549.0000000000018,0.03678884942705902,,OPTIMAL,OPTIMAL
2026,fangraph,8,9.0,Opportunity Cost Greedy,14510.6,14923.000000000002,412.40000000000146,0.027635193995845433,,OPTIMAL,OPTIMAL
2026,fangraph,8,10.0,ADP-aware ILP,14931.300000000001,14931.300000000001,0.0,0.0,,OPTIMAL,OPTIMAL
2026,fangraph,8,10.0,Static IP,16329.900000000001,14931.300000000001,,,1398.6000000000004,OPTIMAL,OPTIMAL
2026,fangraph,8,10.0,Direct Greedy,14374.0,14931.300000000001,557.3000000000011,0.0373242785289962,,OPTIMAL,OPTIMAL
2026,fangraph,8,10.0,Opportunity Cost Greedy,14510.6,14931.300000000001,420.7000000000007,0.028175711424993182,,OPTIMAL,OPTIMAL
2026,fangraph,9,-10.0,ADP-aware ILP,14387.800000000003,14387.800000000003,0.0,0.0,,OPTIMAL,OPTIMAL
2026,fangraph,9,-10.0,Static IP,16329.900000000001,14387.800000000003,,,1942.0999999999985,OPTIMAL,OPTIMAL
2026,fangraph,9,-10.0,Direct Greedy,13743.3,14387.800000000003,644.5000000000036,0.0447948956755031,,OPTIMAL,OPTIMAL
2026,fangraph,9,-10.0,Opportunity Cost Greedy,14103.5,14387.800000000003,284.3000000000029,0.019759796494252274,,OPTIMAL,OPTIMAL
2026,fangraph,9,-9.0,ADP-aware ILP,14483.500000000002,14483.500000000002,0.0,0.0,,OPTIMAL,OPTIMAL
2026,fangraph,9,-9.0,Static IP,16329.900000000001,14483.500000000002,,,1846.3999999999996,OPTIMAL,OPTIMAL
2026,fangraph,9,-9.0,Direct Greedy,13922.2,14483.500000000002,561.3000000000011,0.03875444471294929,,OPTIMAL,OPTIMAL
2026,fangraph,9,-9.0,Opportunity Cost Greedy,14043.6,14483.500000000002,439.90000000000146,0.030372492836676316,,OPTIMAL,OPTIMAL
2026,fangraph,9,-8.0,ADP-aware ILP,14483.500000000002,14483.500000000002,0.0,0.0,,OPTIMAL,OPTIMAL
2026,fangraph,9,-8.0,Static IP,16329.900000000001,14483.500000000002,,,1846.3999999999996,OPTIMAL,OPTIMAL
2026,fangraph,9,-8.0,Direct Greedy,13962.8,14483.500000000002,520.7000000000025,0.03595125487623865,,OPTIMAL,OPTIMAL
2026,fangraph,9,-8.0,Opportunity Cost Greedy,14061.1,14483.500000000002,422.40000000000146,0.029164221355335477,,OPTIMAL,OPTIMAL
2026,fangraph,9,-7.0,ADP-aware ILP,14531.1,14531.1,0.0,0.0,,OPTIMAL,OPTIMAL
2026,fangraph,9,-7.0,Static IP,16329.900000000001,14531.1,,,1798.800000000001,OPTIMAL,OPTIMAL
2026,fangraph,9,-7.0,Direct Greedy,13962.8,14531.1,568.3000000000011,0.039109220912387985,,OPTIMAL,OPTIMAL
2026,fangraph,9,-7.0,Opportunity Cost Greedy,14307.2,14531.1,223.89999999999964,0.01540833109675108,,OPTIMAL,OPTIMAL
2026,fangraph,9,-6.0,ADP-aware ILP,14556.000000000002,14556.000000000002,0.0,0.0,,OPTIMAL,OPTIMAL
2026,fangraph,9,-6.0,Static IP,16329.900000000001,14556.000000000002,,,1773.8999999999996,OPTIMAL,OPTIMAL
2026,fangraph,9,-6.0,Direct Greedy,13962.8,14556.000000000002,593.2000000000025,0.04075295410827167,,OPTIMAL,OPTIMAL
2026,fangraph,9,-6.0,Opportunity Cost Greedy,14211.6,14556.000000000002,344.40000000000146,0.023660346248969594,,OPTIMAL,OPTIMAL
2026,fangraph,9,-5.0,ADP-aware ILP,14556.000000000002,14556.000000000002,0.0,0.0,,OPTIMAL,OPTIMAL
2026,fangraph,9,-5.0,Static IP,16329.900000000001,14556.000000000002,,,1773.8999999999996,OPTIMAL,OPTIMAL
2026,fangraph,9,-5.0,Direct Greedy,13962.8,14556.000000000002,593.2000000000025,0.04075295410827167,,OPTIMAL,OPTIMAL
2026,fangraph,9,-5.0,Opportunity Cost Greedy,14211.6,14556.000000000002,344.40000000000146,0.023660346248969594,,OPTIMAL,OPTIMAL
2026,fangraph,9,-4.0,ADP-aware ILP,14556.000000000002,14556.000000000002,0.0,0.0,,OPTIMAL,OPTIMAL
2026,fangraph,9,-4.0,Static IP,16329.900000000001,14556.000000000002,,,1773.8999999999996,OPTIMAL,OPTIMAL
2026,fangraph,9,-4.0,Direct Greedy,13962.8,14556.000000000002,593.2000000000025,0.04075295410827167,,OPTIMAL,OPTIMAL
2026,fangraph,9,-4.0,Opportunity Cost Greedy,14211.6,14556.000000000002,344.40000000000146,0.023660346248969594,,OPTIMAL,OPTIMAL
2026,fangraph,9,-3.0,ADP-aware ILP,14589.800000000003,14589.800000000003,0.0,0.0,,OPTIMAL,OPTIMAL
2026,fangraph,9,-3.0,Static IP,16329.900000000001,14589.800000000003,,,1740.0999999999985,OPTIMAL,OPTIMAL
2026,fangraph,9,-3.0,Direct Greedy,14034.4,14589.800000000003,555.4000000000033,0.03806769112667776,,OPTIMAL,OPTIMAL
2026,fangraph,9,-3.0,Opportunity Cost Greedy,14211.6,14589.800000000003,378.20000000000255,0.025922219632894383,,OPTIMAL,OPTIMAL
2026,fangraph,9,-2.0,ADP-aware ILP,14590.800000000003,14590.800000000003,0.0,0.0,,OPTIMAL,OPTIMAL
2026,fangraph,9,-2.0,Static IP,16329.900000000001,14590.800000000003,,,1739.0999999999985,OPTIMAL,OPTIMAL
2026,fangraph,9,-2.0,Direct Greedy,14034.4,14590.800000000003,556.4000000000033,0.03813361844449949,,OPTIMAL,OPTIMAL
2026,fangraph,9,-2.0,Opportunity Cost Greedy,14275.800000000001,14590.800000000003,315.0000000000018,0.0215889464594129,,OPTIMAL,OPTIMAL
2026,fangraph,9,-1.0,ADP-aware ILP,14590.800000000003,14590.800000000003,0.0,0.0,,OPTIMAL,OPTIMAL
2026,fangraph,9,-1.0,Static IP,16329.900000000001,14590.800000000003,,,1739.0999999999985,OPTIMAL,OPTIMAL
2026,fangraph,9,-1.0,Direct Greedy,14034.4,14590.800000000003,556.4000000000033,0.03813361844449949,,OPTIMAL,OPTIMAL
2026,fangraph,9,-1.0,Opportunity Cost Greedy,14287.900000000001,14590.800000000003,302.90000000000146,0.02075965677001956,,OPTIMAL,OPTIMAL
2026,fangraph,9,0.0,ADP-aware ILP,14614.300000000003,14614.300000000003,0.0,0.0,,OPTIMAL,OPTIMAL
2026,fangraph,9,0.0,Static IP,16329.900000000001,14614.300000000003,,,1715.5999999999985,OPTIMAL,OPTIMAL
2026,fangraph,9,0.0,Direct Greedy,14034.4,14614.300000000003,579.9000000000033,0.03968031311797371,,OPTIMAL,OPTIMAL
2026,fangraph,9,0.0,Opportunity Cost Greedy,14356.4,14614.300000000003,257.9000000000033,0.017647099074194674,,OPTIMAL,OPTIMAL
2026,fangraph,9,1.0,ADP-aware ILP,14614.300000000003,14614.300000000003,0.0,0.0,,OPTIMAL,OPTIMAL
2026,fangraph,9,1.0,Static IP,16329.900000000001,14614.300000000003,,,1715.5999999999985,OPTIMAL,OPTIMAL
2026,fangraph,9,1.0,Direct Greedy,14034.4,14614.300000000003,579.9000000000033,0.03968031311797371,,OPTIMAL,OPTIMAL
2026,fangraph,9,1.0,Opportunity Cost Greedy,14356.4,14614.300000000003,257.9000000000033,0.017647099074194674,,OPTIMAL,OPTIMAL
2026,fangraph,9,2.0,ADP-aware ILP,14614.300000000003,14614.300000000003,0.0,0.0,,OPTIMAL,OPTIMAL
2026,fangraph,9,2.0,Static IP,16329.900000000001,14614.300000000003,,,1715.5999999999985,OPTIMAL,OPTIMAL
2026,fangraph,9,2.0,Direct Greedy,14034.4,14614.300000000003,579.9000000000033,0.03968031311797371,,OPTIMAL,OPTIMAL
2026,fangraph,9,2.0,Opportunity Cost Greedy,14356.4,14614.300000000003,257.9000000000033,0.017647099074194674,,OPTIMAL,OPTIMAL
2026,fangraph,9,3.0,ADP-aware ILP,14646.800000000003,14646.800000000003,0.0,0.0,,OPTIMAL,OPTIMAL
2026,fangraph,9,3.0,Static IP,16329.900000000001,14646.800000000003,,,1683.0999999999985,OPTIMAL,OPTIMAL
2026,fangraph,9,3.0,Direct Greedy,14034.4,14646.800000000003,612.4000000000033,0.04181118059917546,,OPTIMAL,OPTIMAL
2026,fangraph,9,3.0,Opportunity Cost Greedy,14399.5,14646.800000000003,247.3000000000029,0.016884234098916,,OPTIMAL,OPTIMAL
2026,fangraph,9,4.0,ADP-aware ILP,14676.400000000001,14676.400000000001,0.0,0.0,,OPTIMAL,OPTIMAL
2026,fangraph,9,4.0,Static IP,16329.900000000001,14676.400000000001,,,1653.5,OPTIMAL,OPTIMAL
2026,fangraph,9,4.0,Direct Greedy,14034.4,14676.400000000001,642.0000000000018,0.04374369736447642,,OPTIMAL,OPTIMAL
2026,fangraph,9,4.0,Opportunity Cost Greedy,14346.7,14676.400000000001,329.7000000000007,0.022464637104467083,,OPTIMAL,OPTIMAL
2026,fangraph,9,5.0,ADP-aware ILP,14676.400000000001,14676.400000000001,0.0,0.0,,OPTIMAL,OPTIMAL
2026,fangraph,9,5.0,Static IP,16329.900000000001,14676.400000000001,,,1653.5,OPTIMAL,OPTIMAL
2026,fangraph,9,5.0,Direct Greedy,14034.4,14676.400000000001,642.0000000000018,0.04374369736447642,,OPTIMAL,OPTIMAL
2026,fangraph,9,5.0,Opportunity Cost Greedy,14346.7,14676.400000000001,329.7000000000007,0.022464637104467083,,OPTIMAL,OPTIMAL
2026,fangraph,9,6.0,ADP-aware ILP,14737.900000000001,14737.900000000001,0.0,0.0,,OPTIMAL,OPTIMAL
2026,fangraph,9,6.0,Static IP,16329.900000000001,14737.900000000001,,,1592.0,OPTIMAL,OPTIMAL
2026,fangraph,9,6.0,Direct Greedy,14334.0,14737.900000000001,403.90000000000146,0.027405532674261695,,OPTIMAL,OPTIMAL
2026,fangraph,9,6.0,Opportunity Cost Greedy,14564.0,14737.900000000001,173.90000000000146,0.011799510106596018,,OPTIMAL,OPTIMAL
2026,fangraph,9,7.0,ADP-aware ILP,14870.900000000001,14870.900000000001,0.0,0.0,,OPTIMAL,OPTIMAL
2026,fangraph,9,7.0,Static IP,16329.900000000001,14870.900000000001,,,1459.0,OPTIMAL,OPTIMAL
2026,fangraph,9,7.0,Direct Greedy,14334.0,14870.900000000001,536.9000000000015,0.03610406902070496,,OPTIMAL,OPTIMAL
2026,fangraph,9,7.0,Opportunity Cost Greedy,14564.0,14870.900000000001,306.90000000000146,0.02063762112582301,,OPTIMAL,OPTIMAL
2026,fangraph,9,8.0,ADP-aware ILP,14923.000000000002,14923.000000000002,0.0,0.0,,OPTIMAL,OPTIMAL
2026,fangraph,9,8.0,Static IP,16329.900000000001,14923.000000000002,,,1406.8999999999996,OPTIMAL,OPTIMAL
2026,fangraph,9,8.0,Direct Greedy,14339.5,14923.000000000002,583.5000000000018,0.039100717014005346,,OPTIMAL,OPTIMAL
2026,fangraph,9,8.0,Opportunity Cost Greedy,14510.6,14923.000000000002,412.40000000000146,0.027635193995845433,,OPTIMAL,OPTIMAL
2026,fangraph,9,9.0,ADP-aware ILP,14923.000000000002,14923.000000000002,0.0,0.0,,OPTIMAL,OPTIMAL
2026,fangraph,9,9.0,Static IP,16329.900000000001,14923.000000000002,,,1406.8999999999996,OPTIMAL,OPTIMAL
2026,fangraph,9,9.0,Direct Greedy,14374.0,14923.000000000002,549.0000000000018,0.03678884942705902,,OPTIMAL,OPTIMAL
2026,fangraph,9,9.0,Opportunity Cost Greedy,14510.6,14923.000000000002,412.40000000000146,0.027635193995845433,,OPTIMAL,OPTIMAL
2026,fangraph,9,10.0,ADP-aware ILP,14955.500000000002,14955.500000000002,0.0,0.0,,OPTIMAL,OPTIMAL
2026,fangraph,9,10.0,Static IP,16329.900000000001,14955.500000000002,,,1374.3999999999996,OPTIMAL,OPTIMAL
2026,fangraph,9,10.0,Direct Greedy,14374.0,14955.500000000002,581.5000000000018,0.038882016649393315,,OPTIMAL,OPTIMAL
2026,fangraph,9,10.0,Opportunity Cost Greedy,14483.7,14955.500000000002,471.8000000000011,0.031546922536859416,,OPTIMAL,OPTIMAL
2026,fangraph,10,-10.0,ADP-aware ILP,14387.800000000003,14387.800000000003,0.0,0.0,,OPTIMAL,OPTIMAL
2026,fangraph,10,-10.0,Static IP,16329.900000000001,14387.800000000003,,,1942.0999999999985,OPTIMAL,OPTIMAL
2026,fangraph,10,-10.0,Direct Greedy,13743.3,14387.800000000003,644.5000000000036,0.0447948956755031,,OPTIMAL,OPTIMAL
2026,fangraph,10,-10.0,Opportunity Cost Greedy,13976.9,14387.800000000003,410.9000000000033,0.02855891797217109,,OPTIMAL,OPTIMAL
2026,fangraph,10,-9.0,ADP-aware ILP,14387.800000000003,14387.800000000003,0.0,0.0,,OPTIMAL,OPTIMAL
2026,fangraph,10,-9.0,Static IP,16329.900000000001,14387.800000000003,,,1942.0999999999985,OPTIMAL,OPTIMAL
2026,fangraph,10,-9.0,Direct Greedy,13743.3,14387.800000000003,644.5000000000036,0.0447948956755031,,OPTIMAL,OPTIMAL
2026,fangraph,10,-9.0,Opportunity Cost Greedy,13994.4,14387.800000000003,393.4000000000033,0.02734260971100538,,OPTIMAL,OPTIMAL
2026,fangraph,10,-8.0,ADP-aware ILP,14483.500000000002,14483.500000000002,0.0,0.0,,OPTIMAL,OPTIMAL
2026,fangraph,10,-8.0,Static IP,16329.900000000001,14483.500000000002,,,1846.3999999999996,OPTIMAL,OPTIMAL
2026,fangraph,10,-8.0,Direct Greedy,13962.8,14483.500000000002,520.7000000000025,0.03595125487623865,,OPTIMAL,OPTIMAL
2026,fangraph,10,-8.0,Opportunity Cost Greedy,14061.1,14483.500000000002,422.40000000000146,0.029164221355335477,,OPTIMAL,OPTIMAL
2026,fangraph,10,-7.0,ADP-aware ILP,14491.300000000001,14491.300000000001,0.0,0.0,,OPTIMAL,OPTIMAL
2026,fangraph,10,-7.0,Static IP,16329.900000000001,14491.300000000001,,,1838.6000000000004,OPTIMAL,OPTIMAL
2026,fangraph,10,-7.0,Direct Greedy,13962.8,14491.300000000001,528.5000000000018,0.03647015795684319,,OPTIMAL,OPTIMAL
2026,fangraph,10,-7.0,Opportunity Cost Greedy,14061.1,14491.300000000001,430.2000000000007,0.029686777583791703,,OPTIMAL,OPTIMAL
2026,fangraph,10,-6.0,ADP-aware ILP,14556.000000000002,14556.000000000002,0.0,0.0,,OPTIMAL,OPTIMAL
2026,fangraph,10,-6.0,Static IP,16329.900000000001,14556.000000000002,,,1773.8999999999996,OPTIMAL,OPTIMAL
2026,fangraph,10,-6.0,Direct Greedy,13962.8,14556.000000000002,593.2000000000025,0.04075295410827167,,OPTIMAL,OPTIMAL
2026,fangraph,10,-6.0,Opportunity Cost Greedy,14211.6,14556.000000000002,344.40000000000146,0.023660346248969594,,OPTIMAL,OPTIMAL
2026,fangraph,10,-5.0,ADP-aware ILP,14556.000000000002,14556.000000000002,0.0,0.0,,OPTIMAL,OPTIMAL
2026,fangraph,10,-5.0,Static IP,16329.900000000001,14556.000000000002,,,1773.8999999999996,OPTIMAL,OPTIMAL
2026,fangraph,10,-5.0,Direct Greedy,13962.8,14556.000000000002,593.2000000000025,0.04075295410827167,,OPTIMAL,OPTIMAL
2026,fangraph,10,-5.0,Opportunity Cost Greedy,14211.6,14556.000000000002,344.40000000000146,0.023660346248969594,,OPTIMAL,OPTIMAL
2026,fangraph,10,-4.0,ADP-aware ILP,14556.000000000002,14556.000000000002,0.0,0.0,,OPTIMAL,OPTIMAL
2026,fangraph,10,-4.0,Static IP,16329.900000000001,14556.000000000002,,,1773.8999999999996,OPTIMAL,OPTIMAL
2026,fangraph,10,-4.0,Direct Greedy,13962.8,14556.000000000002,593.2000000000025,0.04075295410827167,,OPTIMAL,OPTIMAL
2026,fangraph,10,-4.0,Opportunity Cost Greedy,14211.6,14556.000000000002,344.40000000000146,0.023660346248969594,,OPTIMAL,OPTIMAL
2026,fangraph,10,-3.0,ADP-aware ILP,14556.000000000002,14556.000000000002,0.0,0.0,,OPTIMAL,OPTIMAL
2026,fangraph,10,-3.0,Static IP,16329.900000000001,14556.000000000002,,,1773.8999999999996,OPTIMAL,OPTIMAL
2026,fangraph,10,-3.0,Direct Greedy,13962.8,14556.000000000002,593.2000000000025,0.04075295410827167,,OPTIMAL,OPTIMAL
2026,fangraph,10,-3.0,Opportunity Cost Greedy,14172.7,14556.000000000002,383.3000000000011,0.02633278373179452,,OPTIMAL,OPTIMAL
2026,fangraph,10,-2.0,ADP-aware ILP,14589.800000000003,14589.800000000003,0.0,0.0,,OPTIMAL,OPTIMAL
2026,fangraph,10,-2.0,Static IP,16329.900000000001,14589.800000000003,,,1740.0999999999985,OPTIMAL,OPTIMAL
2026,fangraph,10,-2.0,Direct Greedy,14034.4,14589.800000000003,555.4000000000033,0.03806769112667776,,OPTIMAL,OPTIMAL
2026,fangraph,10,-2.0,Opportunity Cost Greedy,14275.800000000001,14589.800000000003,314.0000000000018,0.021521885152641005,,OPTIMAL,OPTIMAL
2026,fangraph,10,-1.0,ADP-aware ILP,14590.800000000003,14590.800000000003,0.0,0.0,,OPTIMAL,OPTIMAL
2026,fangraph,10,-1.0,Static IP,16329.900000000001,14590.800000000003,,,1739.0999999999985,OPTIMAL,OPTIMAL
2026,fangraph,10,-1.0,Direct Greedy,14034.4,14590.800000000003,556.4000000000033,0.03813361844449949,,OPTIMAL,OPTIMAL
2026,fangraph,10,-1.0,Opportunity Cost Greedy,14344.3,14590.800000000003,246.50000000000364,0.016894207308715325,,OPTIMAL,OPTIMAL
2026,fangraph,10,0.0,ADP-aware ILP,14590.800000000003,14590.800000000003,0.0,0.0,,OPTIMAL,OPTIMAL
2026,fangraph,10,0.0,Static IP,16329.900000000001,14590.800000000003,,,1739.0999999999985,OPTIMAL,OPTIMAL
2026,fangraph,10,0.0,Direct Greedy,14034.4,14590.800000000003,556.4000000000033,0.03813361844449949,,OPTIMAL,OPTIMAL
2026,fangraph,10,0.0,Opportunity Cost Greedy,14356.4,14590.800000000003,234.40000000000327,0.016064917619321984,,OPTIMAL,OPTIMAL
2026,fangraph,10,1.0,ADP-aware ILP,14614.300000000003,14614.300000000003,0.0,0.0,,OPTIMAL,OPTIMAL
2026,fangraph,10,1.0,Static IP,16329.900000000001,14614.300000000003,,,1715.5999999999985,OPTIMAL,OPTIMAL
2026,fangraph,10,1.0,Direct Greedy,14034.4,14614.300000000003,579.9000000000033,0.03968031311797371,,OPTIMAL,OPTIMAL
2026,fangraph,10,1.0,Opportunity Cost Greedy,14356.4,14614.300000000003,257.9000000000033,0.017647099074194674,,OPTIMAL,OPTIMAL
2026,fangraph,10,2.0,ADP-aware ILP,14614.300000000003,14614.300000000003,0.0,0.0,,OPTIMAL,OPTIMAL
2026,fangraph,10,2.0,Static IP,16329.900000000001,14614.300000000003,,,1715.5999999999985,OPTIMAL,OPTIMAL
2026,fangraph,10,2.0,Direct Greedy,14034.4,14614.300000000003,579.9000000000033,0.03968031311797371,,OPTIMAL,OPTIMAL
2026,fangraph,10,2.0,Opportunity Cost Greedy,14356.4,14614.300000000003,257.9000000000033,0.017647099074194674,,OPTIMAL,OPTIMAL
2026,fangraph,10,3.0,ADP-aware ILP,14634.800000000003,14634.800000000003,0.0,0.0,,OPTIMAL,OPTIMAL
2026,fangraph,10,3.0,Static IP,16329.900000000001,14634.800000000003,,,1695.0999999999985,OPTIMAL,OPTIMAL
2026,fangraph,10,3.0,Direct Greedy,14034.4,14634.800000000003,600.4000000000033,0.04102550086096176,,OPTIMAL,OPTIMAL
2026,fangraph,10,3.0,Opportunity Cost Greedy,14356.4,14634.800000000003,278.4000000000033,0.01902315029928685,,OPTIMAL,OPTIMAL
2026,fangraph,10,4.0,ADP-aware ILP,14667.300000000003,14667.300000000003,0.0,0.0,,OPTIMAL,OPTIMAL
2026,fangraph,10,4.0,Static IP,16329.900000000001,14667.300000000003,,,1662.5999999999985,OPTIMAL,OPTIMAL
2026,fangraph,10,4.0,Direct Greedy,14034.4,14667.300000000003,632.9000000000033,0.04315040941413915,,OPTIMAL,OPTIMAL
2026,fangraph,10,4.0,Opportunity Cost Greedy,14399.5,14667.300000000003,267.8000000000029,0.018258302482393,,OPTIMAL,OPTIMAL
2026,fangraph,10,5.0,ADP-aware ILP,14676.400000000001,14676.400000000001,0.0,0.0,,OPTIMAL,OPTIMAL
2026,fangraph,10,5.0,Static IP,16329.900000000001,14676.400000000001,,,1653.5,OPTIMAL,OPTIMAL
2026,fangraph,10,5.0,Direct Greedy,14175.400000000001,14676.400000000001,501.0,0.034136436728353,,OPTIMAL,OPTIMAL
2026,fangraph,10,5.0,Opportunity Cost Greedy,14346.7,14676.400000000001,329.7000000000007,0.022464637104467083,,OPTIMAL,OPTIMAL
2026,fangraph,10,6.0,ADP-aware ILP,14699.900000000001,14699.900000000001,0.0,0.0,,OPTIMAL,OPTIMAL
2026,fangraph,10,6.0,Static IP,16329.900000000001,14699.900000000001,,,1630.0,OPTIMAL,OPTIMAL
2026,fangraph,10,6.0,Direct Greedy,14269.3,14699.900000000001,430.6000000000022,0.02929271627698162,,OPTIMAL,OPTIMAL
2026,fangraph,10,6.0,Opportunity Cost Greedy,14346.7,14699.900000000001,353.2000000000007,0.024027374335879884,,OPTIMAL,OPTIMAL
2026,fangraph,10,7.0,ADP-aware ILP,14761.400000000001,14761.400000000001,0.0,0.0,,OPTIMAL,OPTIMAL
2026,fangraph,10,7.0,Static IP,16329.900000000001,14761.400000000001,,,1568.5,OPTIMAL,OPTIMAL
2026,fangraph,10,7.0,Direct Greedy,14334.0,14761.400000000001,427.40000000000146,0.0289538932621568,,OPTIMAL,OPTIMAL
2026,fangraph,10,7.0,Opportunity Cost Greedy,14564.0,14761.400000000001,197.40000000000146,0.013372715325104763,,OPTIMAL,OPTIMAL
2026,fangraph,10,8.0,ADP-aware ILP,14870.900000000001,14870.900000000001,0.0,0.0,,OPTIMAL,OPTIMAL
2026,fangraph,10,8.0,Static IP,16329.900000000001,14870.900000000001,,,1459.0,OPTIMAL,OPTIMAL
2026,fangraph,10,8.0,Direct Greedy,14334.0,14870.900000000001,536.9000000000015,0.03610406902070496,,OPTIMAL,OPTIMAL
2026,fangraph,10,8.0,Opportunity Cost Greedy,14564.0,14870.900000000001,306.90000000000146,0.02063762112582301,,OPTIMAL,OPTIMAL
2026,fangraph,10,9.0,ADP-aware ILP,14955.500000000002,14955.500000000002,0.0,0.0,,OPTIMAL,OPTIMAL
2026,fangraph,10,9.0,Static IP,16329.900000000001,14955.500000000002,,,1374.3999999999996,OPTIMAL,OPTIMAL
2026,fangraph,10,9.0,Direct Greedy,14339.5,14955.500000000002,616.0000000000018,0.04118886028551381,,OPTIMAL,OPTIMAL
2026,fangraph,10,9.0,Opportunity Cost Greedy,14483.7,14955.500000000002,471.8000000000011,0.031546922536859416,,OPTIMAL,OPTIMAL
2026,fangraph,10,10.0,ADP-aware ILP,14962.400000000001,14962.400000000001,0.0,0.0,,OPTIMAL,OPTIMAL
2026,fangraph,10,10.0,Static IP,16329.900000000001,14962.400000000001,,,1367.5,OPTIMAL,OPTIMAL
2026,fangraph,10,10.0,Direct Greedy,14374.0,14962.400000000001,588.4000000000015,0.03932524193979585,,OPTIMAL,OPTIMAL
2026,fangraph,10,10.0,Opportunity Cost Greedy,14510.6,14962.400000000001,451.8000000000011,0.030195690530930935,,OPTIMAL,OPTIMAL
2026,fangraph,11,-10.0,ADP-aware ILP,14387.800000000003,14387.800000000003,0.0,0.0,,OPTIMAL,OPTIMAL
2026,fangraph,11,-10.0,Static IP,16329.900000000001,14387.800000000003,,,1942.0999999999985,OPTIMAL,OPTIMAL
2026,fangraph,11,-10.0,Direct Greedy,13743.3,14387.800000000003,644.5000000000036,0.0447948956755031,,OPTIMAL,OPTIMAL
2026,fangraph,11,-10.0,Opportunity Cost Greedy,13994.4,14387.800000000003,393.4000000000033,0.02734260971100538,,OPTIMAL,OPTIMAL
2026,fangraph,11,-9.0,ADP-aware ILP,14387.800000000003,14387.800000000003,0.0,0.0,,OPTIMAL,OPTIMAL
2026,fangraph,11,-9.0,Static IP,16329.900000000001,14387.800000000003,,,1942.0999999999985,OPTIMAL,OPTIMAL
2026,fangraph,11,-9.0,Direct Greedy,13743.3,14387.800000000003,644.5000000000036,0.0447948956755031,,OPTIMAL,OPTIMAL
2026,fangraph,11,-9.0,Opportunity Cost Greedy,13994.4,14387.800000000003,393.4000000000033,0.02734260971100538,,OPTIMAL,OPTIMAL
2026,fangraph,11,-8.0,ADP-aware ILP,14387.800000000003,14387.800000000003,0.0,0.0,,OPTIMAL,OPTIMAL
2026,fangraph,11,-8.0,Static IP,16329.900000000001,14387.800000000003,,,1942.0999999999985,OPTIMAL,OPTIMAL
2026,fangraph,11,-8.0,Direct Greedy,13743.3,14387.800000000003,644.5000000000036,0.0447948956755031,,OPTIMAL,OPTIMAL
2026,fangraph,11,-8.0,Opportunity Cost Greedy,14048.099999999999,14387.800000000003,339.70000000000437,0.023610280932456963,,OPTIMAL,OPTIMAL
2026,fangraph,11,-7.0,ADP-aware ILP,14491.300000000001,14491.300000000001,0.0,0.0,,OPTIMAL,OPTIMAL
2026,fangraph,11,-7.0,Static IP,16329.900000000001,14491.300000000001,,,1838.6000000000004,OPTIMAL,OPTIMAL
2026,fangraph,11,-7.0,Direct Greedy,13962.8,14491.300000000001,528.5000000000018,0.03647015795684319,,OPTIMAL,OPTIMAL
2026,fangraph,11,-7.0,Opportunity Cost Greedy,14061.1,14491.300000000001,430.2000000000007,0.029686777583791703,,OPTIMAL,OPTIMAL
2026,fangraph,11,-6.0,ADP-aware ILP,14491.300000000001,14491.300000000001,0.0,0.0,,OPTIMAL,OPTIMAL
2026,fangraph,11,-6.0,Static IP,16329.900000000001,14491.300000000001,,,1838.6000000000004,OPTIMAL,OPTIMAL
2026,fangraph,11,-6.0,Direct Greedy,13962.8,14491.300000000001,528.5000000000018,0.03647015795684319,,OPTIMAL,OPTIMAL
2026,fangraph,11,-6.0,Opportunity Cost Greedy,14061.1,14491.300000000001,430.2000000000007,0.029686777583791703,,OPTIMAL,OPTIMAL
2026,fangraph,11,-5.0,ADP-aware ILP,14556.000000000002,14556.000000000002,0.0,0.0,,OPTIMAL,OPTIMAL
2026,fangraph,11,-5.0,Static IP,16329.900000000001,14556.000000000002,,,1773.8999999999996,OPTIMAL,OPTIMAL
2026,fangraph,11,-5.0,Direct Greedy,13962.8,14556.000000000002,593.2000000000025,0.04075295410827167,,OPTIMAL,OPTIMAL
2026,fangraph,11,-5.0,Opportunity Cost Greedy,14211.6,14556.000000000002,344.40000000000146,0.023660346248969594,,OPTIMAL,OPTIMAL
2026,fangraph,11,-4.0,ADP-aware ILP,14556.000000000002,14556.000000000002,0.0,0.0,,OPTIMAL,OPTIMAL
2026,fangraph,11,-4.0,Static IP,16329.900000000001,14556.000000000002,,,1773.8999999999996,OPTIMAL,OPTIMAL
2026,fangraph,11,-4.0,Direct Greedy,13962.8,14556.000000000002,593.2000000000025,0.04075295410827167,,OPTIMAL,OPTIMAL
2026,fangraph,11,-4.0,Opportunity Cost Greedy,14243.8,14556.000000000002,312.20000000000255,0.021448200054960325,,OPTIMAL,OPTIMAL
2026,fangraph,11,-3.0,ADP-aware ILP,14556.000000000002,14556.000000000002,0.0,0.0,,OPTIMAL,OPTIMAL
2026,fangraph,11,-3.0,Static IP,16329.900000000001,14556.000000000002,,,1773.8999999999996,OPTIMAL,OPTIMAL
2026,fangraph,11,-3.0,Direct Greedy,13962.8,14556.000000000002,593.2000000000025,0.04075295410827167,,OPTIMAL,OPTIMAL
2026,fangraph,11,-3.0,Opportunity Cost Greedy,14243.8,14556.000000000002,312.20000000000255,0.021448200054960325,,OPTIMAL,OPTIMAL
2026,fangraph,11,-2.0,ADP-aware ILP,14556.000000000002,14556.000000000002,0.0,0.0,,OPTIMAL,OPTIMAL
2026,fangraph,11,-2.0,Static IP,16329.900000000001,14556.000000000002,,,1773.8999999999996,OPTIMAL,OPTIMAL
2026,fangraph,11,-2.0,Direct Greedy,14027.5,14556.000000000002,528.5000000000018,0.03630805166254478,,OPTIMAL,OPTIMAL
2026,fangraph,11,-2.0,Opportunity Cost Greedy,14172.7,14556.000000000002,383.3000000000011,0.02633278373179452,,OPTIMAL,OPTIMAL
2026,fangraph,11,-1.0,ADP-aware ILP,14589.800000000003,14589.800000000003,0.0,0.0,,OPTIMAL,OPTIMAL
2026,fangraph,11,-1.0,Static IP,16329.900000000001,14589.800000000003,,,1740.0999999999985,OPTIMAL,OPTIMAL
2026,fangraph,11,-1.0,Direct Greedy,14034.4,14589.800000000003,555.4000000000033,0.03806769112667776,,OPTIMAL,OPTIMAL
2026,fangraph,11,-1.0,Opportunity Cost Greedy,14344.3,14589.800000000003,245.50000000000364,0.016826824219660558,,OPTIMAL,OPTIMAL
2026,fangraph,11,0.0,ADP-aware ILP,14590.800000000003,14590.800000000003,0.0,0.0,,OPTIMAL,OPTIMAL
2026,fangraph,11,0.0,Static IP,16329.900000000001,14590.800000000003,,,1739.0999999999985,OPTIMAL,OPTIMAL
2026,fangraph,11,0.0,Direct Greedy,14034.4,14590.800000000003,556.4000000000033,0.03813361844449949,,OPTIMAL,OPTIMAL
2026,fangraph,11,0.0,Opportunity Cost Greedy,14344.3,14590.800000000003,246.50000000000364,0.016894207308715325,,OPTIMAL,OPTIMAL
2026,fangraph,11,1.0,ADP-aware ILP,14590.800000000003,14590.800000000003,0.0,0.0,,OPTIMAL,OPTIMAL
2026,fangraph,11,1.0,Static IP,16329.900000000001,14590.800000000003,,,1739.0999999999985,OPTIMAL,OPTIMAL
2026,fangraph,11,1.0,Direct Greedy,14034.4,14590.800000000003,556.4000000000033,0.03813361844449949,,OPTIMAL,OPTIMAL
2026,fangraph,11,1.0,Opportunity Cost Greedy,14356.4,14590.800000000003,234.40000000000327,0.016064917619321984,,OPTIMAL,OPTIMAL
2026,fangraph,11,2.0,ADP-aware ILP,14634.800000000003,14634.800000000003,0.0,0.0,,OPTIMAL,OPTIMAL
2026,fangraph,11,2.0,Static IP,16329.900000000001,14634.800000000003,,,1695.0999999999985,OPTIMAL,OPTIMAL
2026,fangraph,11,2.0,Direct Greedy,14034.4,14634.800000000003,600.4000000000033,0.04102550086096176,,OPTIMAL,OPTIMAL
2026,fangraph,11,2.0,Opportunity Cost Greedy,14356.4,14634.800000000003,278.4000000000033,0.01902315029928685,,OPTIMAL,OPTIMAL
2026,fangraph,11,3.0,ADP-aware ILP,14634.800000000003,14634.800000000003,0.0,0.0,,OPTIMAL,OPTIMAL
2026,fangraph,11,3.0,Static IP,16329.900000000001,14634.800000000003,,,1695.0999999999985,OPTIMAL,OPTIMAL
2026,fangraph,11,3.0,Direct Greedy,14034.4,14634.800000000003,600.4000000000033,0.04102550086096176,,OPTIMAL,OPTIMAL
2026,fangraph,11,3.0,Opportunity Cost Greedy,14356.4,14634.800000000003,278.4000000000033,0.01902315029928685,,OPTIMAL,OPTIMAL
2026,fangraph,11,4.0,ADP-aware ILP,14634.800000000003,14634.800000000003,0.0,0.0,,OPTIMAL,OPTIMAL
2026,fangraph,11,4.0,Static IP,16329.900000000001,14634.800000000003,,,1695.0999999999985,OPTIMAL,OPTIMAL
2026,fangraph,11,4.0,Direct Greedy,14175.400000000001,14634.800000000003,459.40000000000146,0.031390931205072935,,OPTIMAL,OPTIMAL
2026,fangraph,11,4.0,Opportunity Cost Greedy,14418.599999999999,14634.800000000003,216.20000000000437,0.014773006805696308,,OPTIMAL,OPTIMAL
2026,fangraph,11,5.0,ADP-aware ILP,14690.800000000003,14690.800000000003,0.0,0.0,,OPTIMAL,OPTIMAL
2026,fangraph,11,5.0,Static IP,16329.900000000001,14690.800000000003,,,1639.0999999999985,OPTIMAL,OPTIMAL
2026,fangraph,11,5.0,Direct Greedy,14269.3,14690.800000000003,421.50000000000364,0.02869142592643039,,OPTIMAL,OPTIMAL
2026,fangraph,11,5.0,Opportunity Cost Greedy,14399.5,14690.800000000003,291.3000000000029,0.01982873635200281,,OPTIMAL,OPTIMAL
2026,fangraph,11,6.0,ADP-aware ILP,14699.900000000001,14699.900000000001,0.0,0.0,,OPTIMAL,OPTIMAL
2026,fangraph,11,6.0,Static IP,16329.900000000001,14699.900000000001,,,1630.0,OPTIMAL,OPTIMAL
2026,fangraph,11,6.0,Direct Greedy,14269.3,14699.900000000001,430.6000000000022,0.02929271627698162,,OPTIMAL,OPTIMAL
2026,fangraph,11,6.0,Opportunity Cost Greedy,14346.7,14699.900000000001,353.2000000000007,0.024027374335879884,,OPTIMAL,OPTIMAL
2026,fangraph,11,7.0,ADP-aware ILP,14699.900000000001,14699.900000000001,0.0,0.0,,OPTIMAL,OPTIMAL
2026,fangraph,11,7.0,Static IP,16329.900000000001,14699.900000000001,,,1630.0,OPTIMAL,OPTIMAL
2026,fangraph,11,7.0,Direct Greedy,14269.3,14699.900000000001,430.6000000000022,0.02929271627698162,,OPTIMAL,OPTIMAL
2026,fangraph,11,7.0,Opportunity Cost Greedy,14346.7,14699.900000000001,353.2000000000007,0.024027374335879884,,OPTIMAL,OPTIMAL
2026,fangraph,11,8.0,ADP-aware ILP,14793.900000000001,14793.900000000001,0.0,0.0,,OPTIMAL,OPTIMAL
2026,fangraph,11,8.0,Static IP,16329.900000000001,14793.900000000001,,,1536.0,OPTIMAL,OPTIMAL
2026,fangraph,11,8.0,Direct Greedy,14334.0,14793.900000000001,459.90000000000146,0.03108713726603542,,OPTIMAL,OPTIMAL
2026,fangraph,11,8.0,Opportunity Cost Greedy,14346.7,14793.900000000001,447.2000000000007,0.030228675332400562,,OPTIMAL,OPTIMAL
2026,fangraph,11,9.0,ADP-aware ILP,14903.400000000001,14903.400000000001,0.0,0.0,,OPTIMAL,OPTIMAL
2026,fangraph,11,9.0,Static IP,16329.900000000001,14903.400000000001,,,1426.5,OPTIMAL,OPTIMAL
2026,fangraph,11,9.0,Direct Greedy,14334.0,14903.400000000001,569.4000000000015,0.03820604694230856,,OPTIMAL,OPTIMAL
2026,fangraph,11,9.0,Opportunity Cost Greedy,14564.0,14903.400000000001,339.40000000000146,0.022773326891850278,,OPTIMAL,OPTIMAL
2026,fangraph,11,10.0,ADP-aware ILP,14955.500000000002,14955.500000000002,0.0,0.0,,OPTIMAL,OPTIMAL
2026,fangraph,11,10.0,Static IP,16329.900000000001,14955.500000000002,,,1374.3999999999996,OPTIMAL,OPTIMAL
2026,fangraph,11,10.0,Direct Greedy,14339.5,14955.500000000002,616.0000000000018,0.04118886028551381,,OPTIMAL,OPTIMAL
2026,fangraph,11,10.0,Opportunity Cost Greedy,14641.300000000001,14955.500000000002,314.2000000000007,0.02100899334692927,,OPTIMAL,OPTIMAL
2026,fangraph,12,-10.0,ADP-aware ILP,14387.800000000003,14387.800000000003,0.0,0.0,,OPTIMAL,OPTIMAL
2026,fangraph,12,-10.0,Static IP,16329.900000000001,14387.800000000003,,,1942.0999999999985,OPTIMAL,OPTIMAL
2026,fangraph,12,-10.0,Direct Greedy,13743.3,14387.800000000003,644.5000000000036,0.0447948956755031,,OPTIMAL,OPTIMAL
2026,fangraph,12,-10.0,Opportunity Cost Greedy,13994.4,14387.800000000003,393.4000000000033,0.02734260971100538,,OPTIMAL,OPTIMAL
2026,fangraph,12,-9.0,ADP-aware ILP,14387.800000000003,14387.800000000003,0.0,0.0,,OPTIMAL,OPTIMAL
2026,fangraph,12,-9.0,Static IP,16329.900000000001,14387.800000000003,,,1942.0999999999985,OPTIMAL,OPTIMAL
2026,fangraph,12,-9.0,Direct Greedy,13743.3,14387.800000000003,644.5000000000036,0.0447948956755031,,OPTIMAL,OPTIMAL
2026,fangraph,12,-9.0,Opportunity Cost Greedy,14048.099999999999,14387.800000000003,339.70000000000437,0.023610280932456963,,OPTIMAL,OPTIMAL
2026,fangraph,12,-8.0,ADP-aware ILP,14387.800000000003,14387.800000000003,0.0,0.0,,OPTIMAL,OPTIMAL
2026,fangraph,12,-8.0,Static IP,16329.900000000001,14387.800000000003,,,1942.0999999999985,OPTIMAL,OPTIMAL
2026,fangraph,12,-8.0,Direct Greedy,13743.3,14387.800000000003,644.5000000000036,0.0447948956755031,,OPTIMAL,OPTIMAL
2026,fangraph,12,-8.0,Opportunity Cost Greedy,14048.099999999999,14387.800000000003,339.70000000000437,0.023610280932456963,,OPTIMAL,OPTIMAL
2026,fangraph,12,-7.0,ADP-aware ILP,14387.800000000003,14387.800000000003,0.0,0.0,,OPTIMAL,OPTIMAL
2026,fangraph,12,-7.0,Static IP,16329.900000000001,14387.800000000003,,,1942.0999999999985,OPTIMAL,OPTIMAL
2026,fangraph,12,-7.0,Direct Greedy,13743.3,14387.800000000003,644.5000000000036,0.0447948956755031,,OPTIMAL,OPTIMAL
2026,fangraph,12,-7.0,Opportunity Cost Greedy,14048.099999999999,14387.800000000003,339.70000000000437,0.023610280932456963,,OPTIMAL,OPTIMAL
2026,fangraph,12,-6.0,ADP-aware ILP,14491.300000000001,14491.300000000001,0.0,0.0,,OPTIMAL,OPTIMAL
2026,fangraph,12,-6.0,Static IP,16329.900000000001,14491.300000000001,,,1838.6000000000004,OPTIMAL,OPTIMAL
2026,fangraph,12,-6.0,Direct Greedy,13962.8,14491.300000000001,528.5000000000018,0.03647015795684319,,OPTIMAL,OPTIMAL
2026,fangraph,12,-6.0,Opportunity Cost Greedy,14061.1,14491.300000000001,430.2000000000007,0.029686777583791703,,OPTIMAL,OPTIMAL
2026,fangraph,12,-5.0,ADP-aware ILP,14491.300000000001,14491.300000000001,0.0,0.0,,OPTIMAL,OPTIMAL
2026,fangraph,12,-5.0,Static IP,16329.900000000001,14491.300000000001,,,1838.6000000000004,OPTIMAL,OPTIMAL
2026,fangraph,12,-5.0,Direct Greedy,13962.8,14491.300000000001,528.5000000000018,0.03647015795684319,,OPTIMAL,OPTIMAL
2026,fangraph,12,-5.0,Opportunity Cost Greedy,14061.099999999999,14491.300000000001,430.20000000000255,0.02968677758379183,,OPTIMAL,OPTIMAL
2026,fangraph,12,-4.0,ADP-aware ILP,14556.000000000002,14556.000000000002,0.0,0.0,,OPTIMAL,OPTIMAL
2026,fangraph,12,-4.0,Static IP,16329.900000000001,14556.000000000002,,,1773.8999999999996,OPTIMAL,OPTIMAL
2026,fangraph,12,-4.0,Direct Greedy,13962.8,14556.000000000002,593.2000000000025,0.04075295410827167,,OPTIMAL,OPTIMAL
2026,fangraph,12,-4.0,Opportunity Cost Greedy,14290.2,14556.000000000002,265.8000000000011,0.018260511129431237,,OPTIMAL,OPTIMAL
2026,fangraph,12,-3.0,ADP-aware ILP,14556.000000000002,14556.000000000002,0.0,0.0,,OPTIMAL,OPTIMAL
2026,fangraph,12,-3.0,Static IP,16329.900000000001,14556.000000000002,,,1773.8999999999996,OPTIMAL,OPTIMAL
2026,fangraph,12,-3.0,Direct Greedy,14027.5,14556.000000000002,528.5000000000018,0.03630805166254478,,OPTIMAL,OPTIMAL
2026,fangraph,12,-3.0,Opportunity Cost Greedy,14243.8,14556.000000000002,312.20000000000255,0.021448200054960325,,OPTIMAL,OPTIMAL
2026,fangraph,12,-2.0,ADP-aware ILP,14556.000000000002,14556.000000000002,0.0,0.0,,OPTIMAL,OPTIMAL
2026,fangraph,12,-2.0,Static IP,16329.900000000001,14556.000000000002,,,1773.8999999999996,OPTIMAL,OPTIMAL
2026,fangraph,12,-2.0,Direct Greedy,14027.5,14556.000000000002,528.5000000000018,0.03630805166254478,,OPTIMAL,OPTIMAL
2026,fangraph,12,-2.0,Opportunity Cost Greedy,14243.8,14556.000000000002,312.20000000000255,0.021448200054960325,,OPTIMAL,OPTIMAL
2026,fangraph,12,-1.0,ADP-aware ILP,14556.000000000002,14556.000000000002,0.0,0.0,,OPTIMAL,OPTIMAL
2026,fangraph,12,-1.0,Static IP,16329.900000000001,14556.000000000002,,,1773.8999999999996,OPTIMAL,OPTIMAL
2026,fangraph,12,-1.0,Direct Greedy,14027.5,14556.000000000002,528.5000000000018,0.03630805166254478,,OPTIMAL,OPTIMAL
2026,fangraph,12,-1.0,Opportunity Cost Greedy,14172.7,14556.000000000002,383.3000000000011,0.02633278373179452,,OPTIMAL,OPTIMAL
2026,fangraph,12,0.0,ADP-aware ILP,14589.800000000003,14589.800000000003,0.0,0.0,,OPTIMAL,OPTIMAL
2026,fangraph,12,0.0,Static IP,16329.900000000001,14589.800000000003,,,1740.0999999999985,OPTIMAL,OPTIMAL
2026,fangraph,12,0.0,Direct Greedy,14034.4,14589.800000000003,555.4000000000033,0.03806769112667776,,OPTIMAL,OPTIMAL
2026,fangraph,12,0.0,Opportunity Cost Greedy,14344.3,14589.800000000003,245.50000000000364,0.016826824219660558,,OPTIMAL,OPTIMAL
2026,fangraph,12,1.0,ADP-aware ILP,14590.800000000003,14590.800000000003,0.0,0.0,,OPTIMAL,OPTIMAL
2026,fangraph,12,1.0,Static IP,16329.900000000001,14590.800000000003,,,1739.0999999999985,OPTIMAL,OPTIMAL
2026,fangraph,12,1.0,Direct Greedy,14034.4,14590.800000000003,556.4000000000033,0.03813361844449949,,OPTIMAL,OPTIMAL
2026,fangraph,12,1.0,Opportunity Cost Greedy,14344.3,14590.800000000003,246.50000000000364,0.016894207308715325,,OPTIMAL,OPTIMAL
2026,fangraph,12,2.0,ADP-aware ILP,14590.800000000003,14590.800000000003,0.0,0.0,,OPTIMAL,OPTIMAL
2026,fangraph,12,2.0,Static IP,16329.900000000001,14590.800000000003,,,1739.0999999999985,OPTIMAL,OPTIMAL
2026,fangraph,12,2.0,Direct Greedy,14034.4,14590.800000000003,556.4000000000033,0.03813361844449949,,OPTIMAL,OPTIMAL
2026,fangraph,12,2.0,Opportunity Cost Greedy,14356.4,14590.800000000003,234.40000000000327,0.016064917619321984,,OPTIMAL,OPTIMAL
2026,fangraph,12,3.0,ADP-aware ILP,14634.800000000003,14634.800000000003,0.0,0.0,,OPTIMAL,OPTIMAL
2026,fangraph,12,3.0,Static IP,16329.900000000001,14634.800000000003,,,1695.0999999999985,OPTIMAL,OPTIMAL
2026,fangraph,12,3.0,Direct Greedy,14175.400000000001,14634.800000000003,459.40000000000146,0.031390931205072935,,OPTIMAL,OPTIMAL
2026,fangraph,12,3.0,Opportunity Cost Greedy,14418.599999999999,14634.800000000003,216.20000000000437,0.014773006805696308,,OPTIMAL,OPTIMAL
2026,fangraph,12,4.0,ADP-aware ILP,14634.800000000003,14634.800000000003,0.0,0.0,,OPTIMAL,OPTIMAL
2026,fangraph,12,4.0,Static IP,16329.900000000001,14634.800000000003,,,1695.0999999999985,OPTIMAL,OPTIMAL
2026,fangraph,12,4.0,Direct Greedy,14269.3,14634.800000000003,365.50000000000364,0.02497471779593869,,OPTIMAL,OPTIMAL
2026,fangraph,12,4.0,Opportunity Cost Greedy,14356.4,14634.800000000003,278.4000000000033,0.01902315029928685,,OPTIMAL,OPTIMAL
2026,fangraph,12,5.0,ADP-aware ILP,14634.800000000003,14634.800000000003,0.0,0.0,,OPTIMAL,OPTIMAL
2026,fangraph,12,5.0,Static IP,16329.900000000001,14634.800000000003,,,1695.0999999999985,OPTIMAL,OPTIMAL
2026,fangraph,12,5.0,Direct Greedy,14269.3,14634.800000000003,365.50000000000364,0.02497471779593869,,OPTIMAL,OPTIMAL
2026,fangraph,12,5.0,Opportunity Cost Greedy,14356.4,14634.800000000003,278.4000000000033,0.01902315029928685,,OPTIMAL,OPTIMAL
2026,fangraph,12,6.0,ADP-aware ILP,14690.800000000003,14690.800000000003,0.0,0.0,,OPTIMAL,OPTIMAL
2026,fangraph,12,6.0,Static IP,16329.900000000001,14690.800000000003,,,1639.0999999999985,OPTIMAL,OPTIMAL
2026,fangraph,12,6.0,Direct Greedy,14269.3,14690.800000000003,421.50000000000364,0.02869142592643039,,OPTIMAL,OPTIMAL
2026,fangraph,12,6.0,Opportunity Cost Greedy,14399.5,14690.800000000003,291.3000000000029,0.01982873635200281,,OPTIMAL,OPTIMAL
2026,fangraph,12,7.0,ADP-aware ILP,14699.900000000001,14699.900000000001,0.0,0.0,,OPTIMAL,OPTIMAL
2026,fangraph,12,7.0,Static IP,16329.900000000001,14699.900000000001,,,1630.0,OPTIMAL,OPTIMAL
2026,fangraph,12,7.0,Direct Greedy,14218.5,14699.900000000001,481.40000000000146,0.03274852209878988,,OPTIMAL,OPTIMAL
2026,fangraph,12,7.0,Opportunity Cost Greedy,14346.7,14699.900000000001,353.2000000000007,0.024027374335879884,,OPTIMAL,OPTIMAL
2026,fangraph,12,8.0,ADP-aware ILP,14699.900000000001,14699.900000000001,0.0,0.0,,OPTIMAL,OPTIMAL
2026,fangraph,12,8.0,Static IP,16329.900000000001,14699.900000000001,,,1630.0,OPTIMAL,OPTIMAL
2026,fangraph,12,8.0,Direct Greedy,14186.8,14699.900000000001,513.1000000000022,0.03490499935373725,,OPTIMAL,OPTIMAL
2026,fangraph,12,8.0,Opportunity Cost Greedy,14346.7,14699.900000000001,353.2000000000007,0.024027374335879884,,OPTIMAL,OPTIMAL
2026,fangraph,12,9.0,ADP-aware ILP,14793.900000000001,14793.900000000001,0.0,0.0,,OPTIMAL,OPTIMAL
2026,fangraph,12,9.0,Static IP,16329.900000000001,14793.900000000001,,,1536.0,OPTIMAL,OPTIMAL
2026,fangraph,12,9.0,Direct Greedy,14334.0,14793.900000000001,459.90000000000146,0.03108713726603542,,OPTIMAL,OPTIMAL
2026,fangraph,12,9.0,Opportunity Cost Greedy,14564.0,14793.900000000001,229.90000000000146,0.015540188861625497,,OPTIMAL,OPTIMAL
2026,fangraph,12,10.0,ADP-aware ILP,14903.400000000001,14903.400000000001,0.0,0.0,,OPTIMAL,OPTIMAL
2026,fangraph,12,10.0,Static IP,16329.900000000001,14903.400000000001,,,1426.5,OPTIMAL,OPTIMAL
2026,fangraph,12,10.0,Direct Greedy,14334.0,14903.400000000001,569.4000000000015,0.03820604694230856,,OPTIMAL,OPTIMAL
2026,fangraph,12,10.0,Opportunity Cost Greedy,14564.0,14903.400000000001,339.40000000000146,0.022773326891850278,,OPTIMAL,OPTIMAL
