season,scoring,draft_position,delta,method,objective,adp_aware_objective,optimal_gap,optimal_gap_pct,adp_cost,status,adp_aware_status
2026,yahoo,1,-10.0,ADP-aware ILP,7775.400000000001,7775.400000000001,0.0,0.0,,OPTIMAL,OPTIMAL
2026,yahoo,1,-10.0,Static IP,9213.7,7775.400000000001,,,1438.3000000000002,OPTIMAL,OPTIMAL
2026,yahoo,1,-10.0,Direct Greedy,7571.8,7775.400000000001,203.60000000000036,0.026185148030969514,,OPTIMAL,OPTIMAL
2026,yahoo,1,-10.0,Opportunity Cost Greedy,7646.299999999999,7775.400000000001,129.10000000000127,0.01660364740077697,,OPTIMAL,OPTIMAL
2026,yahoo,1,-9.0,ADP-aware ILP,7775.400000000001,7775.400000000001,0.0,0.0,,OPTIMAL,OPTIMAL
2026,yahoo,1,-9.0,Static IP,9213.7,7775.400000000001,,,1438.3000000000002,OPTIMAL,OPTIMAL
2026,yahoo,1,-9.0,Direct Greedy,7596.8,7775.400000000001,178.60000000000036,0.022969879363119627,,OPTIMAL,OPTIMAL
2026,yahoo,1,-9.0,Opportunity Cost Greedy,7646.299999999999,7775.400000000001,129.10000000000127,0.01660364740077697,,OPTIMAL,OPTIMAL
2026,yahoo,1,-8.0,ADP-aware ILP,7775.400000000001,7775.400000000001,0.0,0.0,,OPTIMAL,OPTIMAL
2026,yahoo,1,-8.0,Static IP,9213.7,7775.400000000001,,,1438.3000000000002,OPTIMAL,OPTIMAL
2026,yahoo,1,-8.0,Direct Greedy,7596.8,7775.400000000001,178.60000000000036,0.022969879363119627,,OPTIMAL,OPTIMAL
2026,yahoo,1,-8.0,Opportunity Cost Greedy,7704.7,7775.400000000001,70.70000000000073,0.00909277979267957,,OPTIMAL,OPTIMAL
2026,yahoo,1,-7.0,ADP-aware ILP,7775.900000000001,7775.900000000001,0.0,0.0,,OPTIMAL,OPTIMAL
2026,yahoo,1,-7.0,Static IP,9213.7,7775.900000000001,,,1437.8000000000002,OPTIMAL,OPTIMAL
2026,yahoo,1,-7.0,Direct Greedy,7661.8,7775.900000000001,114.10000000000036,0.014673542612430762,,OPTIMAL,OPTIMAL
2026,yahoo,1,-7.0,Opportunity Cost Greedy,7702.1,7775.900000000001,73.80000000000018,0.009490862794017436,,OPTIMAL,OPTIMAL
2026,yahoo,1,-6.0,ADP-aware ILP,7775.900000000001,7775.900000000001,0.0,0.0,,OPTIMAL,OPTIMAL
2026,yahoo,1,-6.0,Static IP,9213.7,7775.900000000001,,,1437.8000000000002,OPTIMAL,OPTIMAL
2026,yahoo,1,-6.0,Direct Greedy,7661.8,7775.900000000001,114.10000000000036,0.014673542612430762,,OPTIMAL,OPTIMAL
2026,yahoo,1,-6.0,Opportunity Cost Greedy,7636.1,7775.900000000001,139.80000000000018,0.01797862626834195,,OPTIMAL,OPTIMAL
2026,yahoo,1,-5.0,ADP-aware ILP,7802.3,7802.3,0.0,0.0,,OPTIMAL,OPTIMAL
2026,yahoo,1,-5.0,Static IP,9213.7,7802.3,,,1411.4000000000005,OPTIMAL,OPTIMAL
2026,yahoo,1,-5.0,Direct Greedy,7688.2,7802.3,114.10000000000036,0.014623892954641626,,OPTIMAL,OPTIMAL
2026,yahoo,1,-5.0,Opportunity Cost Greedy,7780.9,7802.3,21.400000000000546,0.002742780974840822,,OPTIMAL,OPTIMAL
2026,yahoo,1,-4.0,ADP-aware ILP,7802.3,7802.3,0.0,0.0,,OPTIMAL,OPTIMAL
2026,yahoo,1,-4.0,Static IP,9213.7,7802.3,,,1411.4000000000005,OPTIMAL,OPTIMAL
2026,yahoo,1,-4.0,Direct Greedy,7695.7,7802.3,106.60000000000036,0.013662637940094634,,OPTIMAL,OPTIMAL
2026,yahoo,1,-4.0,Opportunity Cost Greedy,7736.6,7802.3,65.69999999999982,0.008420593927431632,,OPTIMAL,OPTIMAL
2026,yahoo,1,-3.0,ADP-aware ILP,7819.9,7819.9,0.0,0.0,,OPTIMAL,OPTIMAL
2026,yahoo,1,-3.0,Static IP,9213.7,7819.9,,,1393.800000000001,OPTIMAL,OPTIMAL
2026,yahoo,1,-3.0,Direct Greedy,7695.7,7819.9,124.19999999999982,0.015882556042916128,,OPTIMAL,OPTIMAL
2026,yahoo,1,-3.0,Opportunity Cost Greedy,7749.7,7819.9,70.19999999999982,0.008977096893822149,,OPTIMAL,OPTIMAL
2026,yahoo,1,-2.0,ADP-aware ILP,7888.2,7888.2,0.0,0.0,,OPTIMAL,OPTIMAL
2026,yahoo,1,-2.0,Static IP,9213.7,7888.2,,,1325.500000000001,OPTIMAL,OPTIMAL
2026,yahoo,1,-2.0,Direct Greedy,7695.7,7888.2,192.5,0.024403539464009534,,OPTIMAL,OPTIMAL
2026,yahoo,1,-2.0,Opportunity Cost Greedy,7759.7,7888.2,128.5,0.016290154914936236,,OPTIMAL,OPTIMAL
2026,yahoo,1,-1.0,ADP-aware ILP,7921.400000000001,7921.400000000001,0.0,0.0,,OPTIMAL,OPTIMAL
2026,yahoo,1,-1.0,Static IP,9213.7,7921.400000000001,,,1292.3000000000002,OPTIMAL,OPTIMAL
2026,yahoo,1,-1.0,Direct Greedy,7722.6,7921.400000000001,198.80000000000018,0.025096573837957957,,OPTIMAL,OPTIMAL
2026,yahoo,1,-1.0,Opportunity Cost Greedy,7788.2,7921.400000000001,133.20000000000073,0.016815209432676132,,OPTIMAL,OPTIMAL
2026,yahoo,1,0.0,ADP-aware ILP,7930.300000000001,7930.300000000001,0.0,0.0,,OPTIMAL,OPTIMAL
2026,yahoo,1,0.0,Static IP,9213.7,7930.300000000001,,,1283.3999999999996,OPTIMAL,OPTIMAL
2026,yahoo,1,0.0,Direct Greedy,7722.6,7930.300000000001,207.70000000000073,0.026190686354866866,,OPTIMAL,OPTIMAL
2026,yahoo,1,0.0,Opportunity Cost Greedy,7824.0,7930.300000000001,106.30000000000109,0.01340428483159541,,OPTIMAL,OPTIMAL
2026,yahoo,1,1.0,ADP-aware ILP,7930.300000000001,7930.300000000001,0.0,0.0,,OPTIMAL,OPTIMAL
2026,yahoo,1,1.0,Static IP,9213.7,7930.300000000001,,,1283.3999999999996,OPTIMAL,OPTIMAL
2026,yahoo,1,1.0,Direct Greedy,7722.6,7930.300000000001,207.70000000000073,0.026190686354866866,,OPTIMAL,OPTIMAL
2026,yahoo,1,1.0,Opportunity Cost Greedy,7832.5,7930.300000000001,97.80000000000109,0.012332446439605195,,OPTIMAL,OPTIMAL
2026,yahoo,1,2.0,ADP-aware ILP,7961.800000000001,7961.800000000001,0.0,0.0,,OPTIMAL,OPTIMAL
2026,yahoo,1,2.0,Static IP,9213.7,7961.800000000001,,,1251.8999999999996,OPTIMAL,OPTIMAL
2026,yahoo,1,2.0,Direct Greedy,7722.6,7961.800000000001,239.20000000000073,0.030043457509608466,,OPTIMAL,OPTIMAL
2026,yahoo,1,2.0,Opportunity Cost Greedy,7904.1,7961.800000000001,57.70000000000073,0.007247104926021844,,OPTIMAL,OPTIMAL
2026,yahoo,1,3.0,ADP-aware ILP,8007.300000000001,8007.300000000001,0.0,0.0,,OPTIMAL,OPTIMAL
2026,yahoo,1,3.0,Static IP,9213.7,8007.300000000001,,,1206.3999999999996,OPTIMAL,OPTIMAL
2026,yahoo,1,3.0,Direct Greedy,7722.6,8007.300000000001,284.7000000000007,0.035555056011389696,,OPTIMAL,OPTIMAL
2026,yahoo,1,3.0,Opportunity Cost Greedy,7896.5,8007.300000000001,110.80000000000109,0.013837373396775576,,OPTIMAL,OPTIMAL
2026,yahoo,1,4.0,ADP-aware ILP,8007.300000000001,8007.300000000001,0.0,0.0,,OPTIMAL,OPTIMAL
2026,yahoo,1,4.0,Static IP,9213.7,8007.300000000001,,,1206.3999999999996,OPTIMAL,OPTIMAL
2026,yahoo,1,4.0,Direct Greedy,7749.6,8007.300000000001,257.7000000000007,0.03218313289123683,,OPTIMAL,OPTIMAL
2026,yahoo,1,4.0,Opportunity Cost Greedy,7872.0,8007.300000000001,135.3000000000011,0.016897081413210578,,OPTIMAL,OPTIMAL
2026,yahoo,1,5.0,ADP-aware ILP,8007.300000000001,8007.300000000001,0.0,0.0,,OPTIMAL,OPTIMAL
2026,yahoo,1,5.0,Static IP,9213.7,8007.300000000001,,,1206.3999999999996,OPTIMAL,OPTIMAL
2026,yahoo,1,5.0,Direct Greedy,7766.200000000001,8007.300000000001,241.10000000000036,0.030110024602550214,,OPTIMAL,OPTIMAL
2026,yahoo,1,5.0,Opportunity Cost Greedy,7898.0,8007.300000000001,109.30000000000109,0.013650044334544862,,OPTIMAL,OPTIMAL
2026,yahoo,1,6.0,ADP-aware ILP,8025.300000000001,8025.300000000001,0.0,0.0,,OPTIMAL,OPTIMAL
2026,yahoo,1,6.0,Static IP,9213.7,8025.300000000001,,,1188.3999999999996,OPTIMAL,OPTIMAL
2026,yahoo,1,6.0,Direct Greedy,7766.200000000001,8025.300000000001,259.10000000000036,0.03228539743062569,,OPTIMAL,OPTIMAL
2026,yahoo,1,6.0,Opportunity Cost Greedy,7888.1,8025.300000000001,137.20000000000073,0.01709593410838233,,OPTIMAL,OPTIMAL
2026,yahoo,1,7.0,ADP-aware ILP,8025.300000000001,8025.300000000001,0.0,0.0,,OPTIMAL,OPTIMAL
2026,yahoo,1,7.0,Static IP,9213.7,8025.300000000001,,,1188.3999999999996,OPTIMAL,OPTIMAL
2026,yahoo,1,7.0,Direct Greedy,7766.200000000001,8025.300000000001,259.10000000000036,0.03228539743062569,,OPTIMAL,OPTIMAL
2026,yahoo,1,7.0,Opportunity Cost Greedy,7843.6,8025.300000000001,181.70000000000073,0.022640898159570447,,OPTIMAL,OPTIMAL
2026,yahoo,1,8.0,ADP-aware ILP,8051.800000000001,8051.800000000001,0.0,0.0,,OPTIMAL,OPTIMAL
2026,yahoo,1,8.0,Static IP,9213.7,8051.800000000001,,,1161.8999999999996,OPTIMAL,OPTIMAL
2026,yahoo,1,8.0,Direct Greedy,7750.700000000001,8051.800000000001,301.10000000000036,0.037395365011550254,,OPTIMAL,OPTIMAL
2026,yahoo,1,8.0,Opportunity Cost Greedy,7893.6,8051.800000000001,158.20000000000073,0.019647780620482464,,OPTIMAL,OPTIMAL
2026,yahoo,1,9.0,ADP-aware ILP,8051.800000000001,8051.800000000001,0.0,0.0,,OPTIMAL,OPTIMAL
2026,yahoo,1,9.0,Static IP,9213.7,8051.800000000001,,,1161.8999999999996,OPTIMAL,OPTIMAL
2026,yahoo,1,9.0,Direct Greedy,7750.700000000001,8051.800000000001,301.10000000000036,0.037395365011550254,,OPTIMAL,OPTIMAL
2026,yahoo,1,9.0,Opportunity Cost Greedy,7961.200000000001,8051.800000000001,90.60000000000036,0.011252142378101834,,OPTIMAL,OPTIMAL
2026,yahoo,1,10.0,ADP-aware ILP,8054.800000000001,8054.800000000001,0.0,0.0,,OPTIMAL,OPTIMAL
2026,yahoo,1,10.0,Static IP,9213.7,8054.800000000001,,,1158.8999999999996,OPTIMAL,OPTIMAL
2026,yahoo,1,10.0,Direct Greedy,7750.700000000001,8054.800000000001,304.10000000000036,0.037753885881710324,,OPTIMAL,OPTIMAL
2026,yahoo,1,10.0,Opportunity Cost Greedy,7937.4,8054.800000000001,117.40000000000146,0.014575160152952456,,OPTIMAL,OPTIMAL
2026,yahoo,2,-10.0,ADP-aware ILP,7775.400000000001,7775.400000000001,0.0,0.0,,OPTIMAL,OPTIMAL
2026,yahoo,2,-10.0,Static IP,9213.7,7775.400000000001,,,1438.3000000000002,OPTIMAL,OPTIMAL
2026,yahoo,2,-10.0,Direct Greedy,7526.099999999999,7775.400000000001,249.3000000000011,0.03206265915579919,,OPTIMAL,OPTIMAL
2026,yahoo,2,-10.0,Opportunity Cost Greedy,7646.299999999999,7775.400000000001,129.10000000000127,0.01660364740077697,,OPTIMAL,OPTIMAL
2026,yahoo,2,-9.0,ADP-aware ILP,7775.400000000001,7775.400000000001,0.0,0.0,,OPTIMAL,OPTIMAL
2026,yahoo,2,-9.0,Static IP,9213.7,7775.400000000001,,,1438.3000000000002,OPTIMAL,OPTIMAL
2026,yahoo,2,-9.0,Direct Greedy,7571.8,7775.400000000001,203.60000000000036,0.026185148030969514,,OPTIMAL,OPTIMAL
2026,yahoo,2,-9.0,Opportunity Cost Greedy,7704.7,7775.400000000001,70.70000000000073,0.00909277979267957,,OPTIMAL,OPTIMAL
2026,yahoo,2,-8.0,ADP-aware ILP,7775.900000000001,7775.900000000001,0.0,0.0,,OPTIMAL,OPTIMAL
2026,yahoo,2,-8.0,Static IP,9213.7,7775.900000000001,,,1437.8000000000002,OPTIMAL,OPTIMAL
2026,yahoo,2,-8.0,Direct Greedy,7596.8,7775.900000000001,179.10000000000036,0.02303270360987157,,OPTIMAL,OPTIMAL
2026,yahoo,2,-8.0,Opportunity Cost Greedy,7704.7,7775.900000000001,71.20000000000073,0.009156496354119874,,OPTIMAL,OPTIMAL
2026,yahoo,2,-7.0,ADP-aware ILP,7775.900000000001,7775.900000000001,0.0,0.0,,OPTIMAL,OPTIMAL
2026,yahoo,2,-7.0,Static IP,9213.7,7775.900000000001,,,1437.8000000000002,OPTIMAL,OPTIMAL
2026,yahoo,2,-7.0,Direct Greedy,7596.8,7775.900000000001,179.10000000000036,0.02303270360987157,,OPTIMAL,OPTIMAL
2026,yahoo,2,-7.0,Opportunity Cost Greedy,7636.1,7775.900000000001,139.80000000000018,0.01797862626834195,,OPTIMAL,OPTIMAL
2026,yahoo,2,-6.0,ADP-aware ILP,7775.900000000001,7775.900000000001,0.0,0.0,,OPTIMAL,OPTIMAL
2026,yahoo,2,-6.0,Static IP,9213.7,7775.900000000001,,,1437.8000000000002,OPTIMAL,OPTIMAL
2026,yahoo,2,-6.0,Direct Greedy,7661.8,7775.900000000001,114.10000000000036,0.014673542612430762,,OPTIMAL,OPTIMAL
2026,yahoo,2,-6.0,Opportunity Cost Greedy,7640.5,7775.900000000001,135.40000000000055,0.017412775370053698,,OPTIMAL,OPTIMAL
2026,yahoo,2,-5.0,ADP-aware ILP,7775.900000000001,7775.900000000001,0.0,0.0,,OPTIMAL,OPTIMAL
2026,yahoo,2,-5.0,Static IP,9213.7,7775.900000000001,,,1437.8000000000002,OPTIMAL,OPTIMAL
2026,yahoo,2,-5.0,Direct Greedy,7669.3,7775.900000000001,106.60000000000036,0.013709024035802975,,OPTIMAL,OPTIMAL
2026,yahoo,2,-5.0,Opportunity Cost Greedy,7643.1,7775.900000000001,132.80000000000018,0.017078408930156018,,OPTIMAL,OPTIMAL
2026,yahoo,2,-4.0,ADP-aware ILP,7819.9,7819.9,0.0,0.0,,OPTIMAL,OPTIMAL
2026,yahoo,2,-4.0,Static IP,9213.7,7819.9,,,1393.800000000001,OPTIMAL,OPTIMAL
2026,yahoo,2,-4.0,Direct Greedy,7695.7,7819.9,124.19999999999982,0.015882556042916128,,OPTIMAL,OPTIMAL
2026,yahoo,2,-4.0,Opportunity Cost Greedy,7797.9,7819.9,22.0,0.0028133352088901393,,OPTIMAL,OPTIMAL
2026,yahoo,2,-3.0,ADP-aware ILP,7875.9,7875.9,0.0,0.0,,OPTIMAL,OPTIMAL
2026,yahoo,2,-3.0,Static IP,9213.7,7875.9,,,1337.800000000001,OPTIMAL,OPTIMAL
2026,yahoo,2,-3.0,Direct Greedy,7695.7,7875.9,180.19999999999982,0.022879924833987205,,OPTIMAL,OPTIMAL
2026,yahoo,2,-3.0,Opportunity Cost Greedy,7720.0,7875.9,155.89999999999964,0.01979456316103552,,OPTIMAL,OPTIMAL
2026,yahoo,2,-2.0,ADP-aware ILP,7892.9,7892.9,0.0,0.0,,OPTIMAL,OPTIMAL
2026,yahoo,2,-2.0,Static IP,9213.7,7892.9,,,1320.800000000001,OPTIMAL,OPTIMAL
2026,yahoo,2,-2.0,Direct Greedy,7695.7,7892.9,197.19999999999982,0.02498447972228203,,OPTIMAL,OPTIMAL
2026,yahoo,2,-2.0,Opportunity Cost Greedy,7711.7,7892.9,181.19999999999982,0.02295734140810093,,OPTIMAL,OPTIMAL
2026,yahoo,2,-1.0,ADP-aware ILP,7914.1,7914.1,0.0,0.0,,OPTIMAL,OPTIMAL
2026,yahoo,2,-1.0,Static IP,9213.7,7914.1,,,1299.6000000000004,OPTIMAL,OPTIMAL
2026,yahoo,2,-1.0,Direct Greedy,7695.7,7914.1,218.40000000000055,0.027596315437004908,,OPTIMAL,OPTIMAL
2026,yahoo,2,-1.0,Opportunity Cost Greedy,7772.099999999999,7914.1,142.0000000000009,0.017942659304279816,,OPTIMAL,OPTIMAL
2026,yahoo,2,0.0,ADP-aware ILP,7921.400000000001,7921.400000000001,0.0,0.0,,OPTIMAL,OPTIMAL
2026,yahoo,2,0.0,Static IP,9213.7,7921.400000000001,,,1292.3000000000002,OPTIMAL,OPTIMAL
2026,yahoo,2,0.0,Direct Greedy,7722.6,7921.400000000001,198.80000000000018,0.025096573837957957,,OPTIMAL,OPTIMAL
2026,yahoo,2,0.0,Opportunity Cost Greedy,7824.0,7921.400000000001,97.40000000000055,0.012295806296866784,,OPTIMAL,OPTIMAL
2026,yahoo,2,1.0,ADP-aware ILP,7961.800000000001,7961.800000000001,0.0,0.0,,OPTIMAL,OPTIMAL
2026,yahoo,2,1.0,Static IP,9213.7,7961.800000000001,,,1251.8999999999996,OPTIMAL,OPTIMAL
2026,yahoo,2,1.0,Direct Greedy,7722.6,7961.800000000001,239.20000000000073,0.030043457509608466,,OPTIMAL,OPTIMAL
2026,yahoo,2,1.0,Opportunity Cost Greedy,7895.6,7961.800000000001,66.20000000000073,0.008314702705418463,,OPTIMAL,OPTIMAL
2026,yahoo,2,2.0,ADP-aware ILP,7992.300000000001,7992.300000000001,0.0,0.0,,OPTIMAL,OPTIMAL
2026,yahoo,2,2.0,Static IP,9213.7,7992.300000000001,,,1221.3999999999996,OPTIMAL,OPTIMAL
2026,yahoo,2,2.0,Direct Greedy,7722.6,7992.300000000001,269.7000000000007,0.03374497954281004,,OPTIMAL,OPTIMAL
2026,yahoo,2,2.0,Opportunity Cost Greedy,7935.1,7992.300000000001,57.20000000000073,0.007156888505186332,,OPTIMAL,OPTIMAL
2026,yahoo,2,3.0,ADP-aware ILP,7992.300000000001,7992.300000000001,0.0,0.0,,OPTIMAL,OPTIMAL
2026,yahoo,2,3.0,Static IP,9213.7,7992.300000000001,,,1221.3999999999996,OPTIMAL,OPTIMAL
2026,yahoo,2,3.0,Direct Greedy,7722.6,7992.300000000001,269.7000000000007,0.03374497954281004,,OPTIMAL,OPTIMAL
2026,yahoo,2,3.0,Opportunity Cost Greedy,7936.6,7992.300000000001,55.70000000000073,0.006969207862567811,,OPTIMAL,OPTIMAL
2026,yahoo,2,4.0,ADP-aware ILP,8007.300000000001,8007.300000000001,0.0,0.0,,OPTIMAL,OPTIMAL
2026,yahoo,2,4.0,Static IP,9213.7,8007.300000000001,,,1206.3999999999996,OPTIMAL,OPTIMAL
2026,yahoo,2,4.0,Direct Greedy,7722.6,8007.300000000001,284.7000000000007,0.035555056011389696,,OPTIMAL,OPTIMAL
2026,yahoo,2,4.0,Opportunity Cost Greedy,7850.0,8007.300000000001,157.3000000000011,0.019644574325927724,,OPTIMAL,OPTIMAL
2026,yahoo,2,5.0,ADP-aware ILP,8025.300000000001,8025.300000000001,0.0,0.0,,OPTIMAL,OPTIMAL
2026,yahoo,2,5.0,Static IP,9213.7,8025.300000000001,,,1188.3999999999996,OPTIMAL,OPTIMAL
2026,yahoo,2,5.0,Direct Greedy,7749.6,8025.300000000001,275.7000000000007,0.0343538559306195,,OPTIMAL,OPTIMAL
2026,yahoo,2,5.0,Opportunity Cost Greedy,7837.1,8025.300000000001,188.20000000000073,0.023450836728845115,,OPTIMAL,OPTIMAL
2026,yahoo,2,6.0,ADP-aware ILP,8025.300000000001,8025.300000000001,0.0,0.0,,OPTIMAL,OPTIMAL
2026,yahoo,2,6.0,Static IP,9213.7,8025.300000000001,,,1188.3999999999996,OPTIMAL,OPTIMAL
2026,yahoo,2,6.0,Direct Greedy,7766.200000000001,8025.300000000001,259.10000000000036,0.03228539743062569,,OPTIMAL,OPTIMAL
2026,yahoo,2,6.0,Opportunity Cost Greedy,7843.6,8025.300000000001,181.70000000000073,0.022640898159570447,,OPTIMAL,OPTIMAL
2026,yahoo,2,7.0,ADP-aware ILP,8051.800000000001,8051.800000000001,0.0,0.0,,OPTIMAL,OPTIMAL
2026,yahoo,2,7.0,Static IP,9213.7,8051.800000000001,,,1161.8999999999996,OPTIMAL,OPTIMAL
2026,yahoo,2,7.0,Direct Greedy,7750.700000000001,8051.800000000001,301.10000000000036,0.037395365011550254,,OPTIMAL,OPTIMAL
2026,yahoo,2,7.0,Opportunity Cost Greedy,7829.5,8051.800000000001,222.3000000000011,0.02760873345090552,,OPTIMAL,OPTIMAL
2026,yahoo,2,8.0,ADP-aware ILP,8051.800000000001,8051.800000000001,0.0,0.0,,OPTIMAL,OPTIMAL
2026,yahoo,2,8.0,Static IP,9213.7,8051.800000000001,,,1161.8999999999996,OPTIMAL,OPTIMAL
2026,yahoo,2,8.0,Direct Greedy,7750.700000000001,8051.800000000001,301.10000000000036,0.037395365011550254,,OPTIMAL,OPTIMAL
2026,yahoo,2,8.0,Opportunity Cost Greedy,7893.6,8051.800000000001,158.20000000000073,0.019647780620482464,,OPTIMAL,OPTIMAL
2026,yahoo,2,9.0,ADP-aware ILP,8054.800000000001,8054.800000000001,0.0,0.0,,OPTIMAL,OPTIMAL
2026,yahoo,2,9.0,Static IP,9213.7,8054.800000000001,,,1158.8999999999996,OPTIMAL,OPTIMAL
2026,yahoo,2,9.0,Direct Greedy,7750.700000000001,8054.800000000001,304.10000000000036,0.037753885881710324,,OPTIMAL,OPTIMAL
2026,yahoo,2,9.0,Opportunity Cost Greedy,7878.5,8054.800000000001,176.3000000000011,0.02188757014451024,,OPTIMAL,OPTIMAL
2026,yahoo,2,10.0,ADP-aware ILP,8054.800000000001,8054.800000000001,0.0,0.0,,OPTIMAL,OPTIMAL
2026,yahoo,2,10.0,Static IP,9213.7,8054.800000000001,,,1158.8999999999996,OPTIMAL,OPTIMAL
2026,yahoo,2,10.0,Direct Greedy,7750.700000000001,8054.800000000001,304.10000000000036,0.037753885881710324,,OPTIMAL,OPTIMAL
2026,yahoo,2,10.0,Opportunity Cost Greedy,7937.4,8054.800000000001,117.40000000000146,0.014575160152952456,,OPTIMAL,OPTIMAL
2026,yahoo,3,-10.0,ADP-aware ILP,7753.8,7753.8,0.0,0.0,,OPTIMAL,OPTIMAL
2026,yahoo,3,-10.0,Static IP,9213.7,7753.8,,,1459.9000000000005,OPTIMAL,OPTIMAL
2026,yahoo,3,-10.0,Direct Greedy,7447.9,7753.8,305.90000000000055,0.03945162371998253,,OPTIMAL,OPTIMAL
2026,yahoo,3,-10.0,Opportunity Cost Greedy,7663.6,7753.8,90.19999999999982,0.011633005752018342,,OPTIMAL,OPTIMAL
2026,yahoo,3,-9.0,ADP-aware ILP,7775.900000000001,7775.900000000001,0.0,0.0,,OPTIMAL,OPTIMAL
2026,yahoo,3,-9.0,Static IP,9213.7,7775.900000000001,,,1437.8000000000002,OPTIMAL,OPTIMAL
2026,yahoo,3,-9.0,Direct Greedy,7526.099999999999,7775.900000000001,249.8000000000011,0.03212489872554959,,OPTIMAL,OPTIMAL
2026,yahoo,3,-9.0,Opportunity Cost Greedy,7704.7,7775.900000000001,71.20000000000073,0.009156496354119874,,OPTIMAL,OPTIMAL
2026,yahoo,3,-8.0,ADP-aware ILP,7775.900000000001,7775.900000000001,0.0,0.0,,OPTIMAL,OPTIMAL
2026,yahoo,3,-8.0,Static IP,9213.7,7775.900000000001,,,1437.8000000000002,OPTIMAL,OPTIMAL
2026,yahoo,3,-8.0,Direct Greedy,7571.8,7775.900000000001,204.10000000000036,0.02624776553196419,,OPTIMAL,OPTIMAL
2026,yahoo,3,-8.0,Opportunity Cost Greedy,7636.1,7775.900000000001,139.80000000000018,0.01797862626834195,,OPTIMAL,OPTIMAL
2026,yahoo,3,-7.0,ADP-aware ILP,7775.900000000001,7775.900000000001,0.0,0.0,,OPTIMAL,OPTIMAL
2026,yahoo,3,-7.0,Static IP,9213.7,7775.900000000001,,,1437.8000000000002,OPTIMAL,OPTIMAL
2026,yahoo,3,-7.0,Direct Greedy,7596.8,7775.900000000001,179.10000000000036,0.02303270360987157,,OPTIMAL,OPTIMAL
2026,yahoo,3,-7.0,Opportunity Cost Greedy,7643.1,7775.900000000001,132.80000000000018,0.017078408930156018,,OPTIMAL,OPTIMAL
2026,yahoo,3,-6.0,ADP-aware ILP,7775.900000000001,7775.900000000001,0.0,0.0,,OPTIMAL,OPTIMAL
2026,yahoo,3,-6.0,Static IP,9213.7,7775.900000000001,,,1437.8000000000002,OPTIMAL,OPTIMAL
2026,yahoo,3,-6.0,Direct Greedy,7604.3,7775.900000000001,171.60000000000036,0.022068185033243787,,OPTIMAL,OPTIMAL
2026,yahoo,3,-6.0,Opportunity Cost Greedy,7643.1,7775.900000000001,132.80000000000018,0.017078408930156018,,OPTIMAL,OPTIMAL
2026,yahoo,3,-5.0,ADP-aware ILP,7793.0,7793.0,0.0,0.0,,OPTIMAL,OPTIMAL
2026,yahoo,3,-5.0,Static IP,9213.7,7793.0,,,1420.7000000000007,OPTIMAL,OPTIMAL
2026,yahoo,3,-5.0,Direct Greedy,7669.3,7793.0,123.69999999999982,0.015873219556011783,,OPTIMAL,OPTIMAL
2026,yahoo,3,-5.0,Opportunity Cost Greedy,7599.200000000001,7793.0,193.79999999999927,0.024868471705376528,,OPTIMAL,OPTIMAL
2026,yahoo,3,-4.0,ADP-aware ILP,7849.5,7849.5,0.0,0.0,,OPTIMAL,OPTIMAL
2026,yahoo,3,-4.0,Static IP,9213.7,7849.5,,,1364.2000000000007,OPTIMAL,OPTIMAL
2026,yahoo,3,-4.0,Direct Greedy,7669.3,7849.5,180.19999999999982,0.02295687623415502,,OPTIMAL,OPTIMAL
2026,yahoo,3,-4.0,Opportunity Cost Greedy,7670.2,7849.5,179.30000000000018,0.02284221924963376,,OPTIMAL,OPTIMAL
2026,yahoo,3,-3.0,ADP-aware ILP,7892.9,7892.9,0.0,0.0,,OPTIMAL,OPTIMAL
2026,yahoo,3,-3.0,Static IP,9213.7,7892.9,,,1320.800000000001,OPTIMAL,OPTIMAL
2026,yahoo,3,-3.0,Direct Greedy,7695.7,7892.9,197.19999999999982,0.02498447972228203,,OPTIMAL,OPTIMAL
2026,yahoo,3,-3.0,Opportunity Cost Greedy,7762.300000000001,7892.9,130.59999999999854,0.01654651648950304,,OPTIMAL,OPTIMAL
2026,yahoo,3,-2.0,ADP-aware ILP,7892.9,7892.9,0.0,0.0,,OPTIMAL,OPTIMAL
2026,yahoo,3,-2.0,Static IP,9213.7,7892.9,,,1320.800000000001,OPTIMAL,OPTIMAL
2026,yahoo,3,-2.0,Direct Greedy,7695.7,7892.9,197.19999999999982,0.02498447972228203,,OPTIMAL,OPTIMAL
2026,yahoo,3,-2.0,Opportunity Cost Greedy,7720.599999999999,7892.9,172.30000000000018,0.021829745720837738,,OPTIMAL,OPTIMAL
2026,yahoo,3,-1.0,ADP-aware ILP,7892.9,7892.9,0.0,0.0,,OPTIMAL,OPTIMAL
2026,yahoo,3,-1.0,Static IP,9213.7,7892.9,,,1320.800000000001,OPTIMAL,OPTIMAL
2026,yahoo,3,-1.0,Direct Greedy,7695.7,7892.9,197.19999999999982,0.02498447972228203,,OPTIMAL,OPTIMAL
2026,yahoo,3,-1.0,Opportunity Cost Greedy,7720.599999999999,7892.9,172.30000000000018,0.021829745720837738,,OPTIMAL,OPTIMAL
2026,yahoo,3,0.0,ADP-aware ILP,7924.200000000001,7924.200000000001,0.0,0.0,,OPTIMAL,OPTIMAL
2026,yahoo,3,0.0,Static IP,9213.7,7924.200000000001,,,1289.5,OPTIMAL,OPTIMAL
2026,yahoo,3,0.0,Direct Greedy,7695.7,7924.200000000001,228.5000000000009,0.02883571843214468,,OPTIMAL,OPTIMAL
2026,yahoo,3,0.0,Opportunity Cost Greedy,7836.2,7924.200000000001,88.00000000000091,0.011105221978243974,,OPTIMAL,OPTIMAL
2026,yahoo,3,1.0,ADP-aware ILP,7981.6,7981.6,0.0,0.0,,OPTIMAL,OPTIMAL
2026,yahoo,3,1.0,Static IP,9213.7,7981.6,,,1232.1000000000004,OPTIMAL,OPTIMAL
2026,yahoo,3,1.0,Direct Greedy,7722.6,7981.6,259.0,0.032449634158564694,,OPTIMAL,OPTIMAL
2026,yahoo,3,1.0,Opportunity Cost Greedy,7935.1,7981.6,46.5,0.00582589956900872,,OPTIMAL,OPTIMAL
2026,yahoo,3,2.0,ADP-aware ILP,7992.300000000001,7992.300000000001,0.0,0.0,,OPTIMAL,OPTIMAL
2026,yahoo,3,2.0,Static IP,9213.7,7992.300000000001,,,1221.3999999999996,OPTIMAL,OPTIMAL
2026,yahoo,3,2.0,Direct Greedy,7722.6,7992.300000000001,269.7000000000007,0.03374497954281004,,OPTIMAL,OPTIMAL
2026,yahoo,3,2.0,Opportunity Cost Greedy,7936.6,7992.300000000001,55.70000000000073,0.006969207862567811,,OPTIMAL,OPTIMAL
2026,yahoo,3,3.0,ADP-aware ILP,7992.300000000001,7992.300000000001,0.0,0.0,,OPTIMAL,OPTIMAL
2026,yahoo,3,3.0,Static IP,9213.7,7992.300000000001,,,1221.3999999999996,OPTIMAL,OPTIMAL
2026,yahoo,3,3.0,Direct Greedy,7722.6,7992.300000000001,269.7000000000007,0.03374497954281004,,OPTIMAL,OPTIMAL
2026,yahoo,3,3.0,Opportunity Cost Greedy,7936.6,7992.300000000001,55.70000000000073,0.006969207862567811,,OPTIMAL,OPTIMAL
2026,yahoo,3,4.0,ADP-aware ILP,8010.300000000001,8010.300000000001,0.0,0.0,,OPTIMAL,OPTIMAL
2026,yahoo,3,4.0,Static IP,9213.7,8010.300000000001,,,1203.3999999999996,OPTIMAL,OPTIMAL
2026,yahoo,3,4.0,Direct Greedy,7722.6,8010.300000000001,287.7000000000007,0.035916257818059336,,OPTIMAL,OPTIMAL
2026,yahoo,3,4.0,Opportunity Cost Greedy,7858.1,8010.300000000001,152.20000000000073,0.019000536808858683,,OPTIMAL,OPTIMAL
2026,yahoo,3,5.0,ADP-aware ILP,8025.300000000001,8025.300000000001,0.0,0.0,,OPTIMAL,OPTIMAL
2026,yahoo,3,5.0,Static IP,9213.7,8025.300000000001,,,1188.3999999999996,OPTIMAL,OPTIMAL
2026,yahoo,3,5.0,Direct Greedy,7722.6,8025.300000000001,302.7000000000007,0.037718216141452744,,OPTIMAL,OPTIMAL
2026,yahoo,3,5.0,Opportunity Cost Greedy,7843.6,8025.300000000001,181.70000000000073,0.022640898159570447,,OPTIMAL,OPTIMAL
2026,yahoo,3,6.0,ADP-aware ILP,8051.800000000001,8051.800000000001,0.0,0.0,,OPTIMAL,OPTIMAL
2026,yahoo,3,6.0,Static IP,9213.7,8051.800000000001,,,1161.8999999999996,OPTIMAL,OPTIMAL
2026,yahoo,3,6.0,Direct Greedy,7734.1,8051.800000000001,317.7000000000007,0.03945701582254908,,OPTIMAL,OPTIMAL
2026,yahoo,3,6.0,Opportunity Cost Greedy,7829.5,8051.800000000001,222.3000000000011,0.02760873345090552,,OPTIMAL,OPTIMAL
2026,yahoo,3,7.0,ADP-aware ILP,8051.800000000001,8051.800000000001,0.0,0.0,,OPTIMAL,OPTIMAL
2026,yahoo,3,7.0,Static IP,9213.7,8051.800000000001,,,1161.8999999999996,OPTIMAL,OPTIMAL
2026,yahoo,3,7.0,Direct Greedy,7750.700000000001,8051.800000000001,301.10000000000036,0.037395365011550254,,OPTIMAL,OPTIMAL
2026,yahoo,3,7.0,Opportunity Cost Greedy,7829.5,8051.800000000001,222.3000000000011,0.02760873345090552,,OPTIMAL,OPTIMAL
2026,yahoo,3,8.0,ADP-aware ILP,8051.800000000001,8051.800000000001,0.0,0.0,,OPTIMAL,OPTIMAL
2026,yahoo,3,8.0,Static IP,9213.7,8051.800000000001,,,1161.8999999999996,OPTIMAL,OPTIMAL
2026,yahoo,3,8.0,Direct Greedy,7750.700000000001,8051.800000000001,301.10000000000036,0.037395365011550254,,OPTIMAL,OPTIMAL
2026,yahoo,3,8.0,Opportunity Cost Greedy,7829.5,8051.800000000001,222.3000000000011,0.02760873345090552,,OPTIMAL,OPTIMAL
2026,yahoo,3,9.0,ADP-aware ILP,8054.800000000001,8054.800000000001,0.0,0.0,,OPTIMAL,OPTIMAL
2026,yahoo,3,9.0,Static IP,9213.7,8054.800000000001,,,1158.8999999999996,OPTIMAL,OPTIMAL
2026,yahoo,3,9.0,Direct Greedy,7750.700000000001,8054.800000000001,304.10000000000036,0.037753885881710324,,OPTIMAL,OPTIMAL
2026,yahoo,3,9.0,Opportunity Cost Greedy,7878.5,8054.800000000001,176.3000000000011,0.02188757014451024,,OPTIMAL,OPTIMAL
2026,yahoo,3,10.0,ADP-aware ILP,8103.100000000001,8103.100000000001,0.0,0.0,,OPTIMAL,OPTIMAL
2026,yahoo,3,10.0,Static IP,9213.7,8103.100000000001,,,1110.5999999999995,OPTIMAL,OPTIMAL
2026,yahoo,3,10.0,Direct Greedy,7802.0,8103.100000000001,301.1000000000013,0.03715861830657418,,OPTIMAL,OPTIMAL
2026,yahoo,3,10.0,Opportunity Cost Greedy,7925.1,8103.100000000001,178.0000000000009,0.021966901556194653,,OPTIMAL,OPTIMAL
2026,yahoo,4,-10.0,ADP-aware ILP,7754.3,7754.3,0.0,0.0,,OPTIMAL,OPTIMAL
2026,yahoo,4,-10.0,Static IP,9213.7,7754.3,,,1459.4000000000005,OPTIMAL,OPTIMAL
2026,yahoo,4,-10.0,Direct Greedy,7447.9,7754.3,306.40000000000055,0.039513560218201585,,OPTIMAL,OPTIMAL
2026,yahoo,4,-10.0,Opportunity Cost Greedy,7663.6,7754.3,90.69999999999982,0.011696736004539392,,OPTIMAL,OPTIMAL
2026,yahoo,4,-9.0,ADP-aware ILP,7754.3,7754.3,0.0,0.0,,OPTIMAL,OPTIMAL
2026,yahoo,4,-9.0,Static IP,9213.7,7754.3,,,1459.4000000000005,OPTIMAL,OPTIMAL
2026,yahoo,4,-9.0,Direct Greedy,7447.9,7754.3,306.40000000000055,0.039513560218201585,,OPTIMAL,OPTIMAL
2026,yahoo,4,-9.0,Opportunity Cost Greedy,7636.1,7754.3,118.19999999999982,0.015243155410546383,,OPTIMAL,OPTIMAL
2026,yahoo,4,-8.0,ADP-aware ILP,7775.900000000001,7775.900000000001,0.0,0.0,,OPTIMAL,OPTIMAL
2026,yahoo,4,-8.0,Static IP,9213.7,7775.900000000001,,,1437.8000000000002,OPTIMAL,OPTIMAL
2026,yahoo,4,-8.0,Direct Greedy,7526.099999999999,7775.900000000001,249.8000000000011,0.03212489872554959,,OPTIMAL,OPTIMAL
2026,yahoo,4,-8.0,Opportunity Cost Greedy,7636.1,7775.900000000001,139.80000000000018,0.01797862626834195,,OPTIMAL,OPTIMAL
2026,yahoo,4,-7.0,ADP-aware ILP,7775.900000000001,7775.900000000001,0.0,0.0,,OPTIMAL,OPTIMAL
2026,yahoo,4,-7.0,Static IP,9213.7,7775.900000000001,,,1437.8000000000002,OPTIMAL,OPTIMAL
2026,yahoo,4,-7.0,Direct Greedy,7579.3,7775.900000000001,196.60000000000036,0.025283246955336406,,OPTIMAL,OPTIMAL
2026,yahoo,4,-7.0,Opportunity Cost Greedy,7636.1,7775.900000000001,139.80000000000018,0.01797862626834195,,OPTIMAL,OPTIMAL
2026,yahoo,4,-6.0,ADP-aware ILP,7793.0,7793.0,0.0,0.0,,OPTIMAL,OPTIMAL
2026,yahoo,4,-6.0,Static IP,9213.7,7793.0,,,1420.7000000000007,OPTIMAL,OPTIMAL
2026,yahoo,4,-6.0,Direct Greedy,7604.3,7793.0,188.69999999999982,0.024214038239445634,,OPTIMAL,OPTIMAL
2026,yahoo,4,-6.0,Opportunity Cost Greedy,7633.200000000001,7793.0,159.79999999999927,0.020505581932503434,,OPTIMAL,OPTIMAL
2026,yahoo,4,-5.0,ADP-aware ILP,7849.5,7849.5,0.0,0.0,,OPTIMAL,OPTIMAL
2026,yahoo,4,-5.0,Static IP,9213.7,7849.5,,,1364.2000000000007,OPTIMAL,OPTIMAL
2026,yahoo,4,-5.0,Direct Greedy,7604.3,7849.5,245.19999999999982,0.031237658449582754,,OPTIMAL,OPTIMAL
2026,yahoo,4,-5.0,Opportunity Cost Greedy,7695.2,7849.5,154.30000000000018,0.019657303012930782,,OPTIMAL,OPTIMAL
2026,yahoo,4,-4.0,ADP-aware ILP,7866.5,7866.5,0.0,0.0,,OPTIMAL,OPTIMAL
2026,yahoo,4,-4.0,Static IP,9213.7,7866.5,,,1347.2000000000007,OPTIMAL,OPTIMAL
2026,yahoo,4,-4.0,Direct Greedy,7669.3,7866.5,197.19999999999982,0.025068327718807577,,OPTIMAL,OPTIMAL
2026,yahoo,4,-4.0,Opportunity Cost Greedy,7712.2,7866.5,154.30000000000018,0.019614822347931122,,OPTIMAL,OPTIMAL
2026,yahoo,4,-3.0,ADP-aware ILP,7866.5,7866.5,0.0,0.0,,OPTIMAL,OPTIMAL
2026,yahoo,4,-3.0,Static IP,9213.7,7866.5,,,1347.2000000000007,OPTIMAL,OPTIMAL
2026,yahoo,4,-3.0,Direct Greedy,7669.3,7866.5,197.19999999999982,0.025068327718807577,,OPTIMAL,OPTIMAL
2026,yahoo,4,-3.0,Opportunity Cost Greedy,7721.099999999999,7866.5,145.40000000000055,0.0184834424458146,,OPTIMAL,OPTIMAL
2026,yahoo,4,-2.0,ADP-aware ILP,7892.9,7892.9,0.0,0.0,,OPTIMAL,OPTIMAL
2026,yahoo,4,-2.0,Static IP,9213.7,7892.9,,,1320.800000000001,OPTIMAL,OPTIMAL
2026,yahoo,4,-2.0,Direct Greedy,7695.7,7892.9,197.19999999999982,0.02498447972228203,,OPTIMAL,OPTIMAL
2026,yahoo,4,-2.0,Opportunity Cost Greedy,7771.200000000001,7892.9,121.69999999999891,0.01541892080223985,,OPTIMAL,OPTIMAL
2026,yahoo,4,-1.0,ADP-aware ILP,7903.8,7903.8,0.0,0.0,,OPTIMAL,OPTIMAL
2026,yahoo,4,-1.0,Static IP,9213.7,7903.8,,,1309.9000000000005,OPTIMAL,OPTIMAL
2026,yahoo,4,-1.0,Direct Greedy,7695.7,7903.8,208.10000000000036,0.026329107517902826,,OPTIMAL,OPTIMAL
2026,yahoo,4,-1.0,Opportunity Cost Greedy,7787.1,7903.8,116.69999999999982,0.014765049722918066,,OPTIMAL,OPTIMAL
2026,yahoo,4,0.0,ADP-aware ILP,7908.400000000001,7908.400000000001,0.0,0.0,,OPTIMAL,OPTIMAL
2026,yahoo,4,0.0,Static IP,9213.7,7908.400000000001,,,1305.3000000000002,OPTIMAL,OPTIMAL
2026,yahoo,4,0.0,Direct Greedy,7695.7,7908.400000000001,212.70000000000073,0.026895452936118648,,OPTIMAL,OPTIMAL
2026,yahoo,4,0.0,Opportunity Cost Greedy,7784.7,7908.400000000001,123.70000000000073,0.015641596277376046,,OPTIMAL,OPTIMAL
2026,yahoo,4,1.0,ADP-aware ILP,7933.200000000001,7933.200000000001,0.0,0.0,,OPTIMAL,OPTIMAL
2026,yahoo,4,1.0,Static IP,9213.7,7933.200000000001,,,1280.5,OPTIMAL,OPTIMAL
2026,yahoo,4,1.0,Direct Greedy,7695.7,7933.200000000001,237.5000000000009,0.02993747794080584,,OPTIMAL,OPTIMAL
2026,yahoo,4,1.0,Opportunity Cost Greedy,7813.1,7933.200000000001,120.10000000000036,0.015138909897645382,,OPTIMAL,OPTIMAL
2026,yahoo,4,2.0,ADP-aware ILP,7981.6,7981.6,0.0,0.0,,OPTIMAL,OPTIMAL
2026,yahoo,4,2.0,Static IP,9213.7,7981.6,,,1232.1000000000004,OPTIMAL,OPTIMAL
2026,yahoo,4,2.0,Direct Greedy,7722.6,7981.6,259.0,0.032449634158564694,,OPTIMAL,OPTIMAL
2026,yahoo,4,2.0,Opportunity Cost Greedy,7936.6,7981.6,45.0,0.005637967324847148,,OPTIMAL,OPTIMAL
2026,yahoo,4,3.0,ADP-aware ILP,8010.300000000001,8010.300000000001,0.0,0.0,,OPTIMAL,OPTIMAL
2026,yahoo,4,3.0,Static IP,9213.7,8010.300000000001,,,1203.3999999999996,OPTIMAL,OPTIMAL
2026,yahoo,4,3.0,Direct Greedy,7722.6,8010.300000000001,287.7000000000007,0.035916257818059336,,OPTIMAL,OPTIMAL
2026,yahoo,4,3.0,Opportunity Cost Greedy,7858.1,8010.300000000001,152.20000000000073,0.019000536808858683,,OPTIMAL,OPTIMAL
2026,yahoo,4,4.0,ADP-aware ILP,8010.300000000001,8010.300000000001,0.0,0.0,,OPTIMAL,OPTIMAL
2026,yahoo,4,4.0,Static IP,9213.7,8010.300000000001,,,1203.3999999999996,OPTIMAL,OPTIMAL
2026,yahoo,4,4.0,Direct Greedy,7722.6,8010.300000000001,287.7000000000007,0.035916257818059336,,OPTIMAL,OPTIMAL
2026,yahoo,4,4.0,Opportunity Cost Greedy,7783.6,8010.300000000001,226.70000000000073,0.028301062382183027,,OPTIMAL,OPTIMAL
2026,yahoo,4,5.0,ADP-aware ILP,8026.900000000001,8026.900000000001,0.0,0.0,,OPTIMAL,OPTIMAL
2026,yahoo,4,5.0,Static IP,9213.7,8026.900000000001,,,1186.8000000000002,OPTIMAL,OPTIMAL
2026,yahoo,4,5.0,Direct Greedy,7707.1,8026.900000000001,319.8000000000002,0.039841034521421737,,OPTIMAL,OPTIMAL
2026,yahoo,4,5.0,Opportunity Cost Greedy,7808.0,8026.900000000001,218.90000000000055,0.027270801928515432,,OPTIMAL,OPTIMAL
2026,yahoo,4,6.0,ADP-aware ILP,8051.800000000001,8051.800000000001,0.0,0.0,,OPTIMAL,OPTIMAL
2026,yahoo,4,6.0,Static IP,9213.7,8051.800000000001,,,1161.8999999999996,OPTIMAL,OPTIMAL
2026,yahoo,4,6.0,Direct Greedy,7707.1,8051.800000000001,344.7000000000007,0.0428103032862218,,OPTIMAL,OPTIMAL
2026,yahoo,4,6.0,Opportunity Cost Greedy,7829.5,8051.800000000001,222.3000000000011,0.02760873345090552,,OPTIMAL,OPTIMAL
2026,yahoo,4,7.0,ADP-aware ILP,8051.800000000001,8051.800000000001,0.0,0.0,,OPTIMAL,OPTIMAL
2026,yahoo,4,7.0,Static IP,9213.7,8051.800000000001,,,1161.8999999999996,OPTIMAL,OPTIMAL
2026,yahoo,4,7.0,Direct Greedy,7734.1,8051.800000000001,317.7000000000007,0.03945701582254908,,OPTIMAL,OPTIMAL
2026,yahoo,4,7.0,Opportunity Cost Greedy,7829.5,8051.800000000001,222.3000000000011,0.02760873345090552,,OPTIMAL,OPTIMAL
2026,yahoo,4,8.0,ADP-aware ILP,8051.800000000001,8051.800000000001,0.0,0.0,,OPTIMAL,OPTIMAL
2026,yahoo,4,8.0,Static IP,9213.7,8051.800000000001,,,1161.8999999999996,OPTIMAL,OPTIMAL
2026,yahoo,4,8.0,Direct Greedy,7750.700000000001,8051.800000000001,301.10000000000036,0.037395365011550254,,OPTIMAL,OPTIMAL
2026,yahoo,4,8.0,Opportunity Cost Greedy,7829.5,8051.800000000001,222.3000000000011,0.02760873345090552,,OPTIMAL,OPTIMAL
2026,yahoo,4,9.0,ADP-aware ILP,8086.200000000001,8086.200000000001,0.0,0.0,,OPTIMAL,OPTIMAL
2026,yahoo,4,9.0,Static IP,9213.7,8086.200000000001,,,1127.5,OPTIMAL,OPTIMAL
2026,yahoo,4,9.0,Direct Greedy,7802.0,8086.200000000001,284.2000000000007,0.03514629863223773,,OPTIMAL,OPTIMAL
2026,yahoo,4,9.0,Opportunity Cost Greedy,7830.5,8086.200000000001,255.70000000000073,0.0316217753703842,,OPTIMAL,OPTIMAL
2026,yahoo,4,10.0,ADP-aware ILP,8103.100000000001,8103.100000000001,0.0,0.0,,OPTIMAL,OPTIMAL
2026,yahoo,4,10.0,Static IP,9213.7,8103.100000000001,,,1110.5999999999995,OPTIMAL,OPTIMAL
2026,yahoo,4,10.0,Direct Greedy,7812.8,8103.100000000001,290.3000000000011,0.03582579506608595,,OPTIMAL,OPTIMAL
2026,yahoo,4,10.0,Opportunity Cost Greedy,7873.1,8103.100000000001,230.0000000000009,0.028384198640026764,,OPTIMAL,OPTIMAL
2026,yahoo,5,-10.0,ADP-aware ILP,7754.3,7754.3,0.0,0.0,,OPTIMAL,OPTIMAL
2026,yahoo,5,-10.0,Static IP,9213.7,7754.3,,,1459.4000000000005,OPTIMAL,OPTIMAL
2026,yahoo,5,-10.0,Direct Greedy,7447.9,7754.3,306.40000000000055,0.039513560218201585,,OPTIMAL,OPTIMAL
2026,yahoo,5,-10.0,Opportunity Cost Greedy,7636.1,7754.3,118.19999999999982,0.015243155410546383,,OPTIMAL,OPTIMAL
2026,yahoo,5,-9.0,ADP-aware ILP,7754.3,7754.3,0.0,0.0,,OPTIMAL,OPTIMAL
2026,yahoo,5,-9.0,Static IP,9213.7,7754.3,,,1459.4000000000005,OPTIMAL,OPTIMAL
2026,yahoo,5,-9.0,Direct Greedy,7447.9,7754.3,306.40000000000055,0.039513560218201585,,OPTIMAL,OPTIMAL
2026,yahoo,5,-9.0,Opportunity Cost Greedy,7636.1,7754.3,118.19999999999982,0.015243155410546383,,OPTIMAL,OPTIMAL
2026,yahoo,5,-8.0,ADP-aware ILP,7754.3,7754.3,0.0,0.0,,OPTIMAL,OPTIMAL
2026,yahoo,5,-8.0,Static IP,9213.7,7754.3,,,1459.4000000000005,OPTIMAL,OPTIMAL
2026,yahoo,5,-8.0,Direct Greedy,7455.4,7754.3,298.90000000000055,0.038546354925654225,,OPTIMAL,OPTIMAL
2026,yahoo,5,-8.0,Opportunity Cost Greedy,7636.1,7754.3,118.19999999999982,0.015243155410546383,,OPTIMAL,OPTIMAL
2026,yahoo,5,-7.0,ADP-aware ILP,7793.0,7793.0,0.0,0.0,,OPTIMAL,OPTIMAL
2026,yahoo,5,-7.0,Static IP,9213.7,7793.0,,,1420.7000000000007,OPTIMAL,OPTIMAL
2026,yahoo,5,-7.0,Direct Greedy,7533.599999999999,7793.0,259.40000000000055,0.03328628256127301,,OPTIMAL,OPTIMAL
2026,yahoo,5,-7.0,Opportunity Cost Greedy,7592.5,7793.0,200.5,0.025728217631207494,,OPTIMAL,OPTIMAL
2026,yahoo,5,-6.0,ADP-aware ILP,7849.5,7849.5,0.0,0.0,,OPTIMAL,OPTIMAL
2026,yahoo,5,-6.0,Static IP,9213.7,7849.5,,,1364.2000000000007,OPTIMAL,OPTIMAL
2026,yahoo,5,-6.0,Direct Greedy,7579.3,7849.5,270.1999999999998,0.03442257468628573,,OPTIMAL,OPTIMAL
2026,yahoo,5,-6.0,Opportunity Cost Greedy,7654.5,7849.5,195.0,0.024842346646283202,,OPTIMAL,OPTIMAL
2026,yahoo,5,-5.0,ADP-aware ILP,7865.200000000001,7865.200000000001,0.0,0.0,,OPTIMAL,OPTIMAL
2026,yahoo,5,-5.0,Static IP,9213.7,7865.200000000001,,,1348.5,OPTIMAL,OPTIMAL
2026,yahoo,5,-5.0,Direct Greedy,7604.3,7865.200000000001,260.90000000000055,0.03317143874281652,,OPTIMAL,OPTIMAL
2026,yahoo,5,-5.0,Opportunity Cost Greedy,7687.2,7865.200000000001,178.0000000000009,0.0226313380460765,,OPTIMAL,OPTIMAL
2026,yahoo,5,-4.0,ADP-aware ILP,7865.200000000001,7865.200000000001,0.0,0.0,,OPTIMAL,OPTIMAL
2026,yahoo,5,-4.0,Static IP,9213.7,7865.200000000001,,,1348.5,OPTIMAL,OPTIMAL
2026,yahoo,5,-4.0,Direct Greedy,7604.3,7865.200000000001,260.90000000000055,0.03317143874281652,,OPTIMAL,OPTIMAL
2026,yahoo,5,-4.0,Opportunity Cost Greedy,7696.099999999999,7865.200000000001,169.10000000000127,0.021499771143772727,,OPTIMAL,OPTIMAL
2026,yahoo,5,-3.0,ADP-aware ILP,7866.5,7866.5,0.0,0.0,,OPTIMAL,OPTIMAL
2026,yahoo,5,-3.0,Static IP,9213.7,7866.5,,,1347.2000000000007,OPTIMAL,OPTIMAL
2026,yahoo,5,-3.0,Direct Greedy,7669.3,7866.5,197.19999999999982,0.025068327718807577,,OPTIMAL,OPTIMAL
2026,yahoo,5,-3.0,Opportunity Cost Greedy,7721.099999999999,7866.5,145.40000000000055,0.0184834424458146,,OPTIMAL,OPTIMAL
2026,yahoo,5,-2.0,ADP-aware ILP,7877.400000000001,7877.400000000001,0.0,0.0,,OPTIMAL,OPTIMAL
2026,yahoo,5,-2.0,Static IP,9213.7,7877.400000000001,,,1336.3000000000002,OPTIMAL,OPTIMAL
2026,yahoo,5,-2.0,Direct Greedy,7669.3,7877.400000000001,208.10000000000036,0.02641734582476456,,OPTIMAL,OPTIMAL
2026,yahoo,5,-2.0,Opportunity Cost Greedy,7764.6,7877.400000000001,112.80000000000018,0.014319445502323124,,OPTIMAL,OPTIMAL
2026,yahoo,5,-1.0,ADP-aware ILP,7908.400000000001,7908.400000000001,0.0,0.0,,OPTIMAL,OPTIMAL
2026,yahoo,5,-1.0,Static IP,9213.7,7908.400000000001,,,1305.3000000000002,OPTIMAL,OPTIMAL
2026,yahoo,5,-1.0,Direct Greedy,7695.7,7908.400000000001,212.70000000000073,0.026895452936118648,,OPTIMAL,OPTIMAL
2026,yahoo,5,-1.0,Opportunity Cost Greedy,7835.3,7908.400000000001,73.10000000000036,0.009243336199484139,,OPTIMAL,OPTIMAL
2026,yahoo,5,0.0,ADP-aware ILP,7908.400000000001,7908.400000000001,0.0,0.0,,OPTIMAL,OPTIMAL
2026,yahoo,5,0.0,Static IP,9213.7,7908.400000000001,,,1305.3000000000002,OPTIMAL,OPTIMAL
2026,yahoo,5,0.0,Direct Greedy,7695.7,7908.400000000001,212.70000000000073,0.026895452936118648,,OPTIMAL,OPTIMAL
2026,yahoo,5,0.0,Opportunity Cost Greedy,7784.7,7908.400000000001,123.70000000000073,0.015641596277376046,,OPTIMAL,OPTIMAL
2026,yahoo,5,1.0,ADP-aware ILP,7908.400000000001,7908.400000000001,0.0,0.0,,OPTIMAL,OPTIMAL
2026,yahoo,5,1.0,Static IP,9213.7,7908.400000000001,,,1305.3000000000002,OPTIMAL,OPTIMAL
2026,yahoo,5,1.0,Direct Greedy,7695.7,7908.400000000001,212.70000000000073,0.026895452936118648,,OPTIMAL,OPTIMAL
2026,yahoo,5,1.0,Opportunity Cost Greedy,7784.7,7908.400000000001,123.70000000000073,0.015641596277376046,,OPTIMAL,OPTIMAL
2026,yahoo,5,2.0,ADP-aware ILP,7954.200000000001,7954.200000000001,0.0,0.0,,OPTIMAL,OPTIMAL
2026,yahoo,5,2.0,Static IP,9213.7,7954.200000000001,,,1259.5,OPTIMAL,OPTIMAL
2026,yahoo,5,2.0,Direct Greedy,7695.7,7954.200000000001,258.5000000000009,0.032498554222926364,,OPTIMAL,OPTIMAL
2026,yahoo,5,2.0,Opportunity Cost Greedy,7861.1,7954.200000000001,93.10000000000036,0.011704508310075225,,OPTIMAL,OPTIMAL
2026,yahoo,5,3.0,ADP-aware ILP,7998.6,7998.6,0.0,0.0,,OPTIMAL,OPTIMAL
2026,yahoo,5,3.0,Static IP,9213.7,7998.6,,,1215.1000000000004,OPTIMAL,OPTIMAL
2026,yahoo,5,3.0,Direct Greedy,7722.6,7998.6,276.0,0.03450603855674743,,OPTIMAL,OPTIMAL
2026,yahoo,5,3.0,Opportunity Cost Greedy,7787.599999999999,7998.6,211.0000000000009,0.026379616432875865,,OPTIMAL,OPTIMAL
2026,yahoo,5,4.0,ADP-aware ILP,8026.900000000001,8026.900000000001,0.0,0.0,,OPTIMAL,OPTIMAL
2026,yahoo,5,4.0,Static IP,9213.7,8026.900000000001,,,1186.8000000000002,OPTIMAL,OPTIMAL
2026,yahoo,5,4.0,Direct Greedy,7707.1,8026.900000000001,319.8000000000002,0.039841034521421737,,OPTIMAL,OPTIMAL
2026,yahoo,5,4.0,Opportunity Cost Greedy,7808.0,8026.900000000001,218.90000000000055,0.027270801928515432,,OPTIMAL,OPTIMAL
2026,yahoo,5,5.0,ADP-aware ILP,8026.900000000001,8026.900000000001,0.0,0.0,,OPTIMAL,OPTIMAL
2026,yahoo,5,5.0,Static IP,9213.7,8026.900000000001,,,1186.8000000000002,OPTIMAL,OPTIMAL
2026,yahoo,5,5.0,Direct Greedy,7707.1,8026.900000000001,319.8000000000002,0.039841034521421737,,OPTIMAL,OPTIMAL
2026,yahoo,5,5.0,Opportunity Cost Greedy,7808.0,8026.900000000001,218.90000000000055,0.027270801928515432,,OPTIMAL,OPTIMAL
2026,yahoo,5,6.0,ADP-aware ILP,8026.900000000001,8026.900000000001,0.0,0.0,,OPTIMAL,OPTIMAL
2026,yahoo,5,6.0,Static IP,9213.7,8026.900000000001,,,1186.8000000000002,OPTIMAL,OPTIMAL
2026,yahoo,5,6.0,Direct Greedy,7707.1,8026.900000000001,319.8000000000002,0.039841034521421737,,OPTIMAL,OPTIMAL
2026,yahoo,5,6.0,Opportunity Cost Greedy,7808.0,8026.900000000001,218.90000000000055,0.027270801928515432,,OPTIMAL,OPTIMAL
2026,yahoo,5,7.0,ADP-aware ILP,8051.800000000001,8051.800000000001,0.0,0.0,,OPTIMAL,OPTIMAL
2026,yahoo,5,7.0,Static IP,9213.7,8051.800000000001,,,1161.8999999999996,OPTIMAL,OPTIMAL
2026,yahoo,5,7.0,Direct Greedy,7707.1,8051.800000000001,344.7000000000007,0.0428103032862218,,OPTIMAL,OPTIMAL
2026,yahoo,5,7.0,Opportunity Cost Greedy,7829.5,8051.800000000001,222.3000000000011,0.02760873345090552,,OPTIMAL,OPTIMAL
2026,yahoo,5,8.0,ADP-aware ILP,8086.200000000001,8086.200000000001,0.0,0.0,,OPTIMAL,OPTIMAL
2026,yahoo,5,8.0,Static IP,9213.7,8086.200000000001,,,1127.5,OPTIMAL,OPTIMAL
2026,yahoo,5,8.0,Direct Greedy,7785.4,8086.200000000001,300.8000000000011,0.037199178847913864,,OPTIMAL,OPTIMAL
2026,yahoo,5,8.0,Opportunity Cost Greedy,7830.5,8086.200000000001,255.70000000000073,0.0316217753703842,,OPTIMAL,OPTIMAL
2026,yahoo,5,9.0,ADP-aware ILP,8086.200000000001,8086.200000000001,0.0,0.0,,OPTIMAL,OPTIMAL
2026,yahoo,5,9.0,Static IP,9213.7,8086.200000000001,,,1127.5,OPTIMAL,OPTIMAL
2026,yahoo,5,9.0,Direct Greedy,7812.8,8086.200000000001,273.40000000000055,0.033810689817219526,,OPTIMAL,OPTIMAL
2026,yahoo,5,9.0,Opportunity Cost Greedy,7830.5,8086.200000000001,255.70000000000073,0.0316217753703842,,OPTIMAL,OPTIMAL
2026,yahoo,5,10.0,ADP-aware ILP,8089.800000000001,8089.800000000001,0.0,0.0,,OPTIMAL,OPTIMAL
2026,yahoo,5,10.0,Static IP,9213.7,8089.800000000001,,,1123.8999999999996,OPTIMAL,OPTIMAL
2026,yahoo,5,10.0,Direct Greedy,7810.8,8089.800000000001,279.0000000000009,0.034487873618630975,,OPTIMAL,OPTIMAL
2026,yahoo,5,10.0,Opportunity Cost Greedy,7902.6,8089.800000000001,187.20000000000073,0.023140250686049187,,OPTIMAL,OPTIMAL
2026,yahoo,6,-10.0,ADP-aware ILP,7754.3,7754.3,0.0,0.0,,OPTIMAL,OPTIMAL
2026,yahoo,6,-10.0,Static IP,9213.7,7754.3,,,1459.4000000000005,OPTIMAL,OPTIMAL
2026,yahoo,6,-10.0,Direct Greedy,7447.9,7754.3,306.40000000000055,0.039513560218201585,,OPTIMAL,OPTIMAL
2026,yahoo,6,-10.0,Opportunity Cost Greedy,7636.1,7754.3,118.19999999999982,0.015243155410546383,,OPTIMAL,OPTIMAL
2026,yahoo,6,-9.0,ADP-aware ILP,7754.3,7754.3,0.0,0.0,,OPTIMAL,OPTIMAL
2026,yahoo,6,-9.0,Static IP,9213.7,7754.3,,,1459.4000000000005,OPTIMAL,OPTIMAL
2026,yahoo,6,-9.0,Direct Greedy,7455.4,7754.3,298.90000000000055,0.038546354925654225,,OPTIMAL,OPTIMAL
2026,yahoo,6,-9.0,Opportunity Cost Greedy,7636.1,7754.3,118.19999999999982,0.015243155410546383,,OPTIMAL,OPTIMAL
2026,yahoo,6,-8.0,ADP-aware ILP,7772.7,7772.7,0.0,0.0,,OPTIMAL,OPTIMAL
2026,yahoo,6,-8.0,Static IP,9213.7,7772.7,,,1441.000000000001,OPTIMAL,OPTIMAL
2026,yahoo,6,-8.0,Direct Greedy,7455.4,7772.7,317.3000000000002,0.040822365458592275,,OPTIMAL,OPTIMAL
2026,yahoo,6,-8.0,Opportunity Cost Greedy,7592.5,7772.7,180.19999999999982,0.02318370707733475,,OPTIMAL,OPTIMAL
2026,yahoo,6,-7.0,ADP-aware ILP,7805.2,7805.2,0.0,0.0,,OPTIMAL,OPTIMAL
2026,yahoo,6,-7.0,Static IP,9213.7,7805.2,,,1408.500000000001,OPTIMAL,OPTIMAL
2026,yahoo,6,-7.0,Direct Greedy,7482.3,7805.2,322.89999999999964,0.04136985599344022,,OPTIMAL,OPTIMAL
2026,yahoo,6,-7.0,Opportunity Cost Greedy,7654.5,7805.2,150.69999999999982,0.01930764105980626,,OPTIMAL,OPTIMAL
2026,yahoo,6,-6.0,ADP-aware ILP,7865.200000000001,7865.200000000001,0.0,0.0,,OPTIMAL,OPTIMAL
2026,yahoo,6,-6.0,Static IP,9213.7,7865.200000000001,,,1348.5,OPTIMAL,OPTIMAL
2026,yahoo,6,-6.0,Direct Greedy,7533.599999999999,7865.200000000001,331.6000000000013,0.04216040278696044,,OPTIMAL,OPTIMAL
2026,yahoo,6,-6.0,Opportunity Cost Greedy,7646.5,7865.200000000001,218.70000000000073,0.027806031633016415,,OPTIMAL,OPTIMAL
2026,yahoo,6,-5.0,ADP-aware ILP,7865.200000000001,7865.200000000001,0.0,0.0,,OPTIMAL,OPTIMAL
2026,yahoo,6,-5.0,Static IP,9213.7,7865.200000000001,,,1348.5,OPTIMAL,OPTIMAL
2026,yahoo,6,-5.0,Direct Greedy,7579.3,7865.200000000001,285.90000000000055,0.036349997457153095,,OPTIMAL,OPTIMAL
2026,yahoo,6,-5.0,Opportunity Cost Greedy,7646.5,7865.200000000001,218.70000000000073,0.027806031633016415,,OPTIMAL,OPTIMAL
2026,yahoo,6,-4.0,ADP-aware ILP,7865.200000000001,7865.200000000001,0.0,0.0,,OPTIMAL,OPTIMAL
2026,yahoo,6,-4.0,Static IP,9213.7,7865.200000000001,,,1348.5,OPTIMAL,OPTIMAL
2026,yahoo,6,-4.0,Direct Greedy,7604.3,7865.200000000001,260.90000000000055,0.03317143874281652,,OPTIMAL,OPTIMAL
2026,yahoo,6,-4.0,Opportunity Cost Greedy,7696.099999999999,7865.200000000001,169.10000000000127,0.021499771143772727,,OPTIMAL,OPTIMAL
2026,yahoo,6,-3.0,ADP-aware ILP,7876.900000000001,7876.900000000001,0.0,0.0,,OPTIMAL,OPTIMAL
2026,yahoo,6,-3.0,Static IP,9213.7,7876.900000000001,,,1336.8000000000002,OPTIMAL,OPTIMAL
2026,yahoo,6,-3.0,Direct Greedy,7604.3,7876.900000000001,272.60000000000036,0.034607523264228356,,OPTIMAL,OPTIMAL
2026,yahoo,6,-3.0,Opportunity Cost Greedy,7696.099999999999,7876.900000000001,180.8000000000011,0.022953192245680543,,OPTIMAL,OPTIMAL
2026,yahoo,6,-2.0,ADP-aware ILP,7880.500000000001,7880.500000000001,0.0,0.0,,OPTIMAL,OPTIMAL
2026,yahoo,6,-2.0,Static IP,9213.7,7880.500000000001,,,1333.1999999999998,OPTIMAL,OPTIMAL
2026,yahoo,6,-2.0,Direct Greedy,7669.3,7880.500000000001,211.20000000000073,0.02680032992830413,,OPTIMAL,OPTIMAL
2026,yahoo,6,-2.0,Opportunity Cost Greedy,7762.2,7880.500000000001,118.30000000000109,0.015011737833893925,,OPTIMAL,OPTIMAL
2026,yahoo,6,-1.0,ADP-aware ILP,7881.000000000001,7881.000000000001,0.0,0.0,,OPTIMAL,OPTIMAL
2026,yahoo,6,-1.0,Static IP,9213.7,7881.000000000001,,,1332.6999999999998,OPTIMAL,OPTIMAL
2026,yahoo,6,-1.0,Direct Greedy,7669.3,7881.000000000001,211.70000000000073,0.02686207334094667,,OPTIMAL,OPTIMAL
2026,yahoo,6,-1.0,Opportunity Cost Greedy,7762.2,7881.000000000001,118.80000000000109,0.015074229158736338,,OPTIMAL,OPTIMAL
2026,yahoo,6,0.0,ADP-aware ILP,7908.400000000001,7908.400000000001,0.0,0.0,,OPTIMAL,OPTIMAL
2026,yahoo,6,0.0,Static IP,9213.7,7908.400000000001,,,1305.3000000000002,OPTIMAL,OPTIMAL
2026,yahoo,6,0.0,Direct Greedy,7695.7,7908.400000000001,212.70000000000073,0.026895452936118648,,OPTIMAL,OPTIMAL
2026,yahoo,6,0.0,Opportunity Cost Greedy,7835.3,7908.400000000001,73.10000000000036,0.009243336199484139,,OPTIMAL,OPTIMAL
2026,yahoo,6,1.0,ADP-aware ILP,7934.3,7934.3,0.0,0.0,,OPTIMAL,OPTIMAL
2026,yahoo,6,1.0,Static IP,9213.7,7934.3,,,1279.4000000000005,OPTIMAL,OPTIMAL
2026,yahoo,6,1.0,Direct Greedy,7695.7,7934.3,238.60000000000036,0.030071966020947073,,OPTIMAL,OPTIMAL
2026,yahoo,6,1.0,Opportunity Cost Greedy,7861.1,7934.3,73.19999999999982,0.009225766608270397,,OPTIMAL,OPTIMAL
2026,yahoo,6,2.0,ADP-aware ILP,7934.3,7934.3,0.0,0.0,,OPTIMAL,OPTIMAL
2026,yahoo,6,2.0,Static IP,9213.7,7934.3,,,1279.4000000000005,OPTIMAL,OPTIMAL
2026,yahoo,6,2.0,Direct Greedy,7695.7,7934.3,238.60000000000036,0.030071966020947073,,OPTIMAL,OPTIMAL
2026,yahoo,6,2.0,Opportunity Cost Greedy,7767.0,7934.3,167.30000000000018,0.021085666032290205,,OPTIMAL,OPTIMAL
2026,yahoo,6,3.0,ADP-aware ILP,7954.200000000001,7954.200000000001,0.0,0.0,,OPTIMAL,OPTIMAL
2026,yahoo,6,3.0,Static IP,9213.7,7954.200000000001,,,1259.5,OPTIMAL,OPTIMAL
2026,yahoo,6,3.0,Direct Greedy,7680.2,7954.200000000001,274.0000000000009,0.03444721027884651,,OPTIMAL,OPTIMAL
2026,yahoo,6,3.0,Opportunity Cost Greedy,7769.0,7954.200000000001,185.20000000000073,0.023283296874607215,,OPTIMAL,OPTIMAL
2026,yahoo,6,4.0,ADP-aware ILP,7998.6,7998.6,0.0,0.0,,OPTIMAL,OPTIMAL
2026,yahoo,6,4.0,Static IP,9213.7,7998.6,,,1215.1000000000004,OPTIMAL,OPTIMAL
2026,yahoo,6,4.0,Direct Greedy,7707.1,7998.6,291.5,0.03644387767859375,,OPTIMAL,OPTIMAL
2026,yahoo,6,4.0,Opportunity Cost Greedy,7834.0,7998.6,164.60000000000036,0.02057860125521971,,OPTIMAL,OPTIMAL
2026,yahoo,6,5.0,ADP-aware ILP,8026.900000000001,8026.900000000001,0.0,0.0,,OPTIMAL,OPTIMAL
2026,yahoo,6,5.0,Static IP,9213.7,8026.900000000001,,,1186.8000000000002,OPTIMAL,OPTIMAL
2026,yahoo,6,5.0,Direct Greedy,7707.1,8026.900000000001,319.8000000000002,0.039841034521421737,,OPTIMAL,OPTIMAL
2026,yahoo,6,5.0,Opportunity Cost Greedy,7808.0,8026.900000000001,218.90000000000055,0.027270801928515432,,OPTIMAL,OPTIMAL
2026,yahoo,6,6.0,ADP-aware ILP,8026.900000000001,8026.900000000001,0.0,0.0,,OPTIMAL,OPTIMAL
2026,yahoo,6,6.0,Static IP,9213.7,8026.900000000001,,,1186.8000000000002,OPTIMAL,OPTIMAL
2026,yahoo,6,6.0,Direct Greedy,7707.1,8026.900000000001,319.8000000000002,0.039841034521421737,,OPTIMAL,OPTIMAL
2026,yahoo,6,6.0,Opportunity Cost Greedy,7808.0,8026.900000000001,218.90000000000055,0.027270801928515432,,OPTIMAL,OPTIMAL
2026,yahoo,6,7.0,ADP-aware ILP,8071.200000000001,8071.200000000001,0.0,0.0,,OPTIMAL,OPTIMAL
2026,yahoo,6,7.0,Static IP,9213.7,8071.200000000001,,,1142.5,OPTIMAL,OPTIMAL
2026,yahoo,6,7.0,Direct Greedy,7758.4,8071.200000000001,312.8000000000011,0.038755079789870285,,OPTIMAL,OPTIMAL
2026,yahoo,6,7.0,Opportunity Cost Greedy,7830.5,8071.200000000001,240.70000000000073,0.029822083457230735,,OPTIMAL,OPTIMAL
2026,yahoo,6,8.0,ADP-aware ILP,8086.200000000001,8086.200000000001,0.0,0.0,,OPTIMAL,OPTIMAL
2026,yahoo,6,8.0,Static IP,9213.7,8086.200000000001,,,1127.5,OPTIMAL,OPTIMAL
2026,yahoo,6,8.0,Direct Greedy,7785.8,8086.200000000001,300.40000000000055,0.03714971185476497,,OPTIMAL,OPTIMAL
2026,yahoo,6,8.0,Opportunity Cost Greedy,7830.5,8086.200000000001,255.70000000000073,0.0316217753703842,,OPTIMAL,OPTIMAL
2026,yahoo,6,9.0,ADP-aware ILP,8089.800000000001,8089.800000000001,0.0,0.0,,OPTIMAL,OPTIMAL
2026,yahoo,6,9.0,Static IP,9213.7,8089.800000000001,,,1123.8999999999996,OPTIMAL,OPTIMAL
2026,yahoo,6,9.0,Direct Greedy,7810.8,8089.800000000001,279.0000000000009,0.034487873618630975,,OPTIMAL,OPTIMAL
2026,yahoo,6,9.0,Opportunity Cost Greedy,7902.6,8089.800000000001,187.20000000000073,0.023140250686049187,,OPTIMAL,OPTIMAL
2026,yahoo,6,10.0,ADP-aware ILP,8089.800000000001,8089.800000000001,0.0,0.0,,OPTIMAL,OPTIMAL
2026,yahoo,6,10.0,Static IP,9213.7,8089.800000000001,,,1123.8999999999996,OPTIMAL,OPTIMAL
2026,yahoo,6,10.0,Direct Greedy,7810.8,8089.800000000001,279.0000000000009,0.034487873618630975,,OPTIMAL,OPTIMAL
2026,yahoo,6,10.0,Opportunity Cost Greedy,7902.6,8089.800000000001,187.20000000000073,0.023140250686049187,,OPTIMAL,OPTIMAL
2026,yahoo,7,-10.0,ADP-aware ILP,7754.3,7754.3,0.0,0.0,,OPTIMAL,OPTIMAL
2026,yahoo,7,-10.0,Static IP,9213.7,7754.3,,,1459.4000000000005,OPTIMAL,OPTIMAL
2026,yahoo,7,-10.0,Direct Greedy,7455.4,7754.3,298.90000000000055,0.038546354925654225,,OPTIMAL,OPTIMAL
2026,yahoo,7,-10.0,Opportunity Cost Greedy,7636.1,7754.3,118.19999999999982,0.015243155410546383,,OPTIMAL,OPTIMAL
2026,yahoo,7,-9.0,ADP-aware ILP,7772.7,7772.7,0.0,0.0,,OPTIMAL,OPTIMAL
2026,yahoo,7,-9.0,Static IP,9213.7,7772.7,,,1441.000000000001,OPTIMAL,OPTIMAL
2026,yahoo,7,-9.0,Direct Greedy,7455.4,7772.7,317.3000000000002,0.040822365458592275,,OPTIMAL,OPTIMAL
2026,yahoo,7,-9.0,Opportunity Cost Greedy,7592.5,7772.7,180.19999999999982,0.02318370707733475,,OPTIMAL,OPTIMAL
2026,yahoo,7,-8.0,ADP-aware ILP,7805.2,7805.2,0.0,0.0,,OPTIMAL,OPTIMAL
2026,yahoo,7,-8.0,Static IP,9213.7,7805.2,,,1408.500000000001,OPTIMAL,OPTIMAL
2026,yahoo,7,-8.0,Direct Greedy,7482.3,7805.2,322.89999999999964,0.04136985599344022,,OPTIMAL,OPTIMAL
2026,yahoo,7,-8.0,Opportunity Cost Greedy,7654.5,7805.2,150.69999999999982,0.01930764105980626,,OPTIMAL,OPTIMAL
2026,yahoo,7,-7.0,ADP-aware ILP,7827.900000000001,7827.900000000001,0.0,0.0,,OPTIMAL,OPTIMAL
2026,yahoo,7,-7.0,Static IP,9213.7,7827.900000000001,,,1385.8000000000002,OPTIMAL,OPTIMAL
2026,yahoo,7,-7.0,Direct Greedy,7482.3,7827.900000000001,345.60000000000036,0.044149771969493774,,OPTIMAL,OPTIMAL
2026,yahoo,7,-7.0,Opportunity Cost Greedy,7627.0,7827.900000000001,200.90000000000055,0.025664609920923943,,OPTIMAL,OPTIMAL
2026,yahoo,7,-6.0,ADP-aware ILP,7827.900000000001,7827.900000000001,0.0,0.0,,OPTIMAL,OPTIMAL
2026,yahoo,7,-6.0,Static IP,9213.7,7827.900000000001,,,1385.8000000000002,OPTIMAL,OPTIMAL
2026,yahoo,7,-6.0,Direct Greedy,7482.3,7827.900000000001,345.60000000000036,0.044149771969493774,,OPTIMAL,OPTIMAL
2026,yahoo,7,-6.0,Opportunity Cost Greedy,7627.0,7827.900000000001,200.90000000000055,0.025664609920923943,,OPTIMAL,OPTIMAL
2026,yahoo,7,-5.0,ADP-aware ILP,7865.200000000001,7865.200000000001,0.0,0.0,,OPTIMAL,OPTIMAL
2026,yahoo,7,-5.0,Static IP,9213.7,7865.200000000001,,,1348.5,OPTIMAL,OPTIMAL
2026,yahoo,7,-5.0,Direct Greedy,7533.599999999999,7865.200000000001,331.6000000000013,0.04216040278696044,,OPTIMAL,OPTIMAL
2026,yahoo,7,-5.0,Opportunity Cost Greedy,7646.5,7865.200000000001,218.70000000000073,0.027806031633016415,,OPTIMAL,OPTIMAL
2026,yahoo,7,-4.0,ADP-aware ILP,7876.900000000001,7876.900000000001,0.0,0.0,,OPTIMAL,OPTIMAL
2026,yahoo,7,-4.0,Static IP,9213.7,7876.900000000001,,,1336.8000000000002,OPTIMAL,OPTIMAL
2026,yahoo,7,-4.0,Direct Greedy,7579.3,7876.900000000001,297.60000000000036,0.03778136068758018,,OPTIMAL,OPTIMAL
2026,yahoo,7,-4.0,Opportunity Cost Greedy,7646.5,7876.900000000001,230.40000000000055,0.029250085693610497,,OPTIMAL,OPTIMAL
2026,yahoo,7,-3.0,ADP-aware ILP,7880.500000000001,7880.500000000001,0.0,0.0,,OPTIMAL,OPTIMAL
2026,yahoo,7,-3.0,Static IP,9213.7,7880.500000000001,,,1333.1999999999998,OPTIMAL,OPTIMAL
2026,yahoo,7,-3.0,Direct Greedy,7604.3,7880.500000000001,276.2000000000007,0.03504853752934467,,OPTIMAL,OPTIMAL
2026,yahoo,7,-3.0,Opportunity Cost Greedy,7696.099999999999,7880.500000000001,184.40000000000146,0.02339953048664443,,OPTIMAL,OPTIMAL
2026,yahoo,7,-2.0,ADP-aware ILP,7880.500000000001,7880.500000000001,0.0,0.0,,OPTIMAL,OPTIMAL
2026,yahoo,7,-2.0,Static IP,9213.7,7880.500000000001,,,1333.1999999999998,OPTIMAL,OPTIMAL
2026,yahoo,7,-2.0,Direct Greedy,7604.3,7880.500000000001,276.2000000000007,0.03504853752934467,,OPTIMAL,OPTIMAL
2026,yahoo,7,-2.0,Opportunity Cost Greedy,7696.099999999999,7880.500000000001,184.40000000000146,0.02339953048664443,,OPTIMAL,OPTIMAL
2026,yahoo,7,-1.0,ADP-aware ILP,7880.500000000001,7880.500000000001,0.0,0.0,,OPTIMAL,OPTIMAL
2026,yahoo,7,-1.0,Static IP,9213.7,7880.500000000001,,,1333.1999999999998,OPTIMAL,OPTIMAL
2026,yahoo,7,-1.0,Direct Greedy,7669.3,7880.500000000001,211.20000000000073,0.02680032992830413,,OPTIMAL,OPTIMAL
2026,yahoo,7,-1.0,Opportunity Cost Greedy,7762.2,7880.500000000001,118.30000000000109,0.015011737833893925,,OPTIMAL,OPTIMAL
2026,yahoo,7,0.0,ADP-aware ILP,7907.900000000001,7907.900000000001,0.0,0.0,,OPTIMAL,OPTIMAL
2026,yahoo,7,0.0,Static IP,9213.7,7907.900000000001,,,1305.8000000000002,OPTIMAL,OPTIMAL
2026,yahoo,7,0.0,Direct Greedy,7669.3,7907.900000000001,238.60000000000036,0.03017235928628338,,OPTIMAL,OPTIMAL
2026,yahoo,7,0.0,Opportunity Cost Greedy,7796.1,7907.900000000001,111.80000000000018,0.014137760973204034,,OPTIMAL,OPTIMAL
2026,yahoo,7,1.0,ADP-aware ILP,7934.3,7934.3,0.0,0.0,,OPTIMAL,OPTIMAL
2026,yahoo,7,1.0,Static IP,9213.7,7934.3,,,1279.4000000000005,OPTIMAL,OPTIMAL
2026,yahoo,7,1.0,Direct Greedy,7695.7,7934.3,238.60000000000036,0.030071966020947073,,OPTIMAL,OPTIMAL
2026,yahoo,7,1.0,Opportunity Cost Greedy,7840.700000000001,7934.3,93.59999999999945,0.011796881892542436,,OPTIMAL,OPTIMAL
2026,yahoo,7,2.0,ADP-aware ILP,7934.3,7934.3,0.0,0.0,,OPTIMAL,OPTIMAL
2026,yahoo,7,2.0,Static IP,9213.7,7934.3,,,1279.4000000000005,OPTIMAL,OPTIMAL
2026,yahoo,7,2.0,Direct Greedy,7672.7,7934.3,261.60000000000036,0.03297077246890089,,OPTIMAL,OPTIMAL
2026,yahoo,7,2.0,Opportunity Cost Greedy,7840.700000000001,7934.3,93.59999999999945,0.011796881892542436,,OPTIMAL,OPTIMAL
2026,yahoo,7,3.0,ADP-aware ILP,7934.3,7934.3,0.0,0.0,,OPTIMAL,OPTIMAL
2026,yahoo,7,3.0,Static IP,9213.7,7934.3,,,1279.4000000000005,OPTIMAL,OPTIMAL
2026,yahoo,7,3.0,Direct Greedy,7680.2,7934.3,254.10000000000036,0.03202550949674204,,OPTIMAL,OPTIMAL
2026,yahoo,7,3.0,Opportunity Cost Greedy,7840.700000000001,7934.3,93.59999999999945,0.011796881892542436,,OPTIMAL,OPTIMAL
2026,yahoo,7,4.0,ADP-aware ILP,7954.200000000001,7954.200000000001,0.0,0.0,,OPTIMAL,OPTIMAL
2026,yahoo,7,4.0,Static IP,9213.7,7954.200000000001,,,1259.5,OPTIMAL,OPTIMAL
2026,yahoo,7,4.0,Direct Greedy,7680.2,7954.200000000001,274.0000000000009,0.03444721027884651,,OPTIMAL,OPTIMAL
2026,yahoo,7,4.0,Opportunity Cost Greedy,7769.0,7954.200000000001,185.20000000000073,0.023283296874607215,,OPTIMAL,OPTIMAL
2026,yahoo,7,5.0,ADP-aware ILP,7998.6,7998.6,0.0,0.0,,OPTIMAL,OPTIMAL
2026,yahoo,7,5.0,Static IP,9213.7,7998.6,,,1215.1000000000004,OPTIMAL,OPTIMAL
2026,yahoo,7,5.0,Direct Greedy,7707.1,7998.6,291.5,0.03644387767859375,,OPTIMAL,OPTIMAL
2026,yahoo,7,5.0,Opportunity Cost Greedy,7834.0,7998.6,164.60000000000036,0.02057860125521971,,OPTIMAL,OPTIMAL
2026,yahoo,7,6.0,ADP-aware ILP,8071.200000000001,8071.200000000001,0.0,0.0,,OPTIMAL,OPTIMAL
2026,yahoo,7,6.0,Static IP,9213.7,8071.200000000001,,,1142.5,OPTIMAL,OPTIMAL
2026,yahoo,7,6.0,Direct Greedy,7758.4,8071.200000000001,312.8000000000011,0.038755079789870285,,OPTIMAL,OPTIMAL
2026,yahoo,7,6.0,Opportunity Cost Greedy,7830.5,8071.200000000001,240.70000000000073,0.029822083457230735,,OPTIMAL,OPTIMAL
2026,yahoo,7,7.0,ADP-aware ILP,8071.200000000001,8071.200000000001,0.0,0.0,,OPTIMAL,OPTIMAL
2026,yahoo,7,7.0,Static IP,9213.7,8071.200000000001,,,1142.5,OPTIMAL,OPTIMAL
2026,yahoo,7,7.0,Direct Greedy,7785.8,8071.200000000001,285.40000000000055,0.03536029338883939,,OPTIMAL,OPTIMAL
2026,yahoo,7,7.0,Opportunity Cost Greedy,7830.5,8071.200000000001,240.70000000000073,0.029822083457230735,,OPTIMAL,OPTIMAL
2026,yahoo,7,8.0,ADP-aware ILP,8071.200000000001,8071.200000000001,0.0,0.0,,OPTIMAL,OPTIMAL
2026,yahoo,7,8.0,Static IP,9213.7,8071.200000000001,,,1142.5,OPTIMAL,OPTIMAL
2026,yahoo,7,8.0,Direct Greedy,7810.8,8071.200000000001,260.40000000000055,0.03226286054118353,,OPTIMAL,OPTIMAL
2026,yahoo,7,8.0,Opportunity Cost Greedy,7902.6,8071.200000000001,168.60000000000036,0.020889087124591182,,OPTIMAL,OPTIMAL
2026,yahoo,7,9.0,ADP-aware ILP,8086.200000000001,8086.200000000001,0.0,0.0,,OPTIMAL,OPTIMAL
2026,yahoo,7,9.0,Static IP,9213.7,8086.200000000001,,,1127.5,OPTIMAL,OPTIMAL
2026,yahoo,7,9.0,Direct Greedy,7810.8,8086.200000000001,275.40000000000055,0.03405802478296363,,OPTIMAL,OPTIMAL
2026,yahoo,7,9.0,Opportunity Cost Greedy,7902.6,8086.200000000001,183.60000000000036,0.022705349855309087,,OPTIMAL,OPTIMAL
2026,yahoo,7,10.0,ADP-aware ILP,8103.500000000001,8103.500000000001,0.0,0.0,,OPTIMAL,OPTIMAL
2026,yahoo,7,10.0,Static IP,9213.7,8103.500000000001,,,1110.1999999999998,OPTIMAL,OPTIMAL
2026,yahoo,7,10.0,Direct Greedy,7875.8,8103.500000000001,227.70000000000073,0.028098969581045314,,OPTIMAL,OPTIMAL
2026,yahoo,7,10.0,Opportunity Cost Greedy,8009.6,8103.500000000001,93.90000000000055,0.01158758561115574,,OPTIMAL,OPTIMAL
2026,yahoo,8,-10.0,ADP-aware ILP,7772.7,7772.7,0.0,0.0,,OPTIMAL,OPTIMAL
2026,yahoo,8,-10.0,Static IP,9213.7,7772.7,,,1441.000000000001,OPTIMAL,OPTIMAL
2026,yahoo,8,-10.0,Direct Greedy,7455.4,7772.7,317.3000000000002,0.040822365458592275,,OPTIMAL,OPTIMAL
2026,yahoo,8,-10.0,Opportunity Cost Greedy,7733.1,7772.7,39.599999999999454,0.005094754718437539,,OPTIMAL,OPTIMAL
2026,yahoo,8,-9.0,ADP-aware ILP,7799.599999999999,7799.599999999999,0.0,0.0,,OPTIMAL,OPTIMAL
2026,yahoo,8,-9.0,Static IP,9213.7,7799.599999999999,,,1414.1000000000013,OPTIMAL,OPTIMAL
2026,yahoo,8,-9.0,Direct Greedy,7482.3,7799.599999999999,317.2999999999993,0.04068157341402114,,OPTIMAL,OPTIMAL
2026,yahoo,8,-9.0,Opportunity Cost Greedy,7659.599999999999,7799.599999999999,140.0,0.017949638442997077,,OPTIMAL,OPTIMAL
2026,yahoo,8,-8.0,ADP-aware ILP,7827.900000000001,7827.900000000001,0.0,0.0,,OPTIMAL,OPTIMAL
2026,yahoo,8,-8.0,Static IP,9213.7,7827.900000000001,,,1385.8000000000002,OPTIMAL,OPTIMAL
2026,yahoo,8,-8.0,Direct Greedy,7482.3,7827.900000000001,345.60000000000036,0.044149771969493774,,OPTIMAL,OPTIMAL
2026,yahoo,8,-8.0,Opportunity Cost Greedy,7627.0,7827.900000000001,200.90000000000055,0.025664609920923943,,OPTIMAL,OPTIMAL
2026,yahoo,8,-7.0,ADP-aware ILP,7827.900000000001,7827.900000000001,0.0,0.0,,OPTIMAL,OPTIMAL
2026,yahoo,8,-7.0,Static IP,9213.7,7827.900000000001,,,1385.8000000000002,OPTIMAL,OPTIMAL
2026,yahoo,8,-7.0,Direct Greedy,7482.3,7827.900000000001,345.60000000000036,0.044149771969493774,,OPTIMAL,OPTIMAL
2026,yahoo,8,-7.0,Opportunity Cost Greedy,7627.0,7827.900000000001,200.90000000000055,0.025664609920923943,,OPTIMAL,OPTIMAL
2026,yahoo,8,-6.0,ADP-aware ILP,7827.900000000001,7827.900000000001,0.0,0.0,,OPTIMAL,OPTIMAL
2026,yahoo,8,-6.0,Static IP,9213.7,7827.900000000001,,,1385.8000000000002,OPTIMAL,OPTIMAL
2026,yahoo,8,-6.0,Direct Greedy,7482.3,7827.900000000001,345.60000000000036,0.044149771969493774,,OPTIMAL,OPTIMAL
2026,yahoo,8,-6.0,Opportunity Cost Greedy,7627.0,7827.900000000001,200.90000000000055,0.025664609920923943,,OPTIMAL,OPTIMAL
2026,yahoo,8,-5.0,ADP-aware ILP,7855.300000000001,7855.300000000001,0.0,0.0,,OPTIMAL,OPTIMAL
2026,yahoo,8,-5.0,Static IP,9213.7,7855.300000000001,,,1358.3999999999996,OPTIMAL,OPTIMAL
2026,yahoo,8,-5.0,Direct Greedy,7482.3,7855.300000000001,373.0000000000009,0.04748386439728602,,OPTIMAL,OPTIMAL
2026,yahoo,8,-5.0,Opportunity Cost Greedy,7648.5,7855.300000000001,206.8000000000011,0.02632617468460798,,OPTIMAL,OPTIMAL
2026,yahoo,8,-4.0,ADP-aware ILP,7876.900000000001,7876.900000000001,0.0,0.0,,OPTIMAL,OPTIMAL
2026,yahoo,8,-4.0,Static IP,9213.7,7876.900000000001,,,1336.8000000000002,OPTIMAL,OPTIMAL
2026,yahoo,8,-4.0,Direct Greedy,7560.599999999999,7876.900000000001,316.3000000000011,0.04015539108024744,,OPTIMAL,OPTIMAL
2026,yahoo,8,-4.0,Opportunity Cost Greedy,7646.5,7876.900000000001,230.40000000000055,0.029250085693610497,,OPTIMAL,OPTIMAL
2026,yahoo,8,-3.0,ADP-aware ILP,7876.900000000001,7876.900000000001,0.0,0.0,,OPTIMAL,OPTIMAL
2026,yahoo,8,-3.0,Static IP,9213.7,7876.900000000001,,,1336.8000000000002,OPTIMAL,OPTIMAL
2026,yahoo,8,-3.0,Direct Greedy,7606.3,7876.900000000001,270.60000000000036,0.03435361627036021,,OPTIMAL,OPTIMAL
2026,yahoo,8,-3.0,Opportunity Cost Greedy,7646.5,7876.900000000001,230.40000000000055,0.029250085693610497,,OPTIMAL,OPTIMAL
2026,yahoo,8,-2.0,ADP-aware ILP,7880.500000000001,7880.500000000001,0.0,0.0,,OPTIMAL,OPTIMAL
2026,yahoo,8,-2.0,Static IP,9213.7,7880.500000000001,,,1333.1999999999998,OPTIMAL,OPTIMAL
2026,yahoo,8,-2.0,Direct Greedy,7604.3,7880.500000000001,276.2000000000007,0.03504853752934467,,OPTIMAL,OPTIMAL
2026,yahoo,8,-2.0,Opportunity Cost Greedy,7696.099999999999,7880.500000000001,184.40000000000146,0.02339953048664443,,OPTIMAL,OPTIMAL
2026,yahoo,8,-1.0,ADP-aware ILP,7906.600000000001,7906.600000000001,0.0,0.0,,OPTIMAL,OPTIMAL
2026,yahoo,8,-1.0,Static IP,9213.7,7906.600000000001,,,1307.0999999999995,OPTIMAL,OPTIMAL
2026,yahoo,8,-1.0,Direct Greedy,7604.3,7906.600000000001,302.3000000000011,0.03823388055548542,,OPTIMAL,OPTIMAL
2026,yahoo,8,-1.0,Opportunity Cost Greedy,7689.1,7906.600000000001,217.5000000000009,0.02750866364809158,,OPTIMAL,OPTIMAL
2026,yahoo,8,0.0,ADP-aware ILP,7907.900000000001,7907.900000000001,0.0,0.0,,OPTIMAL,OPTIMAL
2026,yahoo,8,0.0,Static IP,9213.7,7907.900000000001,,,1305.8000000000002,OPTIMAL,OPTIMAL
2026,yahoo,8,0.0,Direct Greedy,7669.3,7907.900000000001,238.60000000000036,0.03017235928628338,,OPTIMAL,OPTIMAL
2026,yahoo,8,0.0,Opportunity Cost Greedy,7741.1,7907.900000000001,166.80000000000018,0.021092831219413518,,OPTIMAL,OPTIMAL
2026,yahoo,8,1.0,ADP-aware ILP,7907.900000000001,7907.900000000001,0.0,0.0,,OPTIMAL,OPTIMAL
2026,yahoo,8,1.0,Static IP,9213.7,7907.900000000001,,,1305.8000000000002,OPTIMAL,OPTIMAL
2026,yahoo,8,1.0,Direct Greedy,7646.3,7907.900000000001,261.60000000000036,0.03308084320742553,,OPTIMAL,OPTIMAL
2026,yahoo,8,1.0,Opportunity Cost Greedy,7741.1,7907.900000000001,166.80000000000018,0.021092831219413518,,OPTIMAL,OPTIMAL
2026,yahoo,8,2.0,ADP-aware ILP,7934.3,7934.3,0.0,0.0,,OPTIMAL,OPTIMAL
2026,yahoo,8,2.0,Static IP,9213.7,7934.3,,,1279.4000000000005,OPTIMAL,OPTIMAL
2026,yahoo,8,2.0,Direct Greedy,7672.7,7934.3,261.60000000000036,0.03297077246890089,,OPTIMAL,OPTIMAL
2026,yahoo,8,2.0,Opportunity Cost Greedy,7840.700000000001,7934.3,93.59999999999945,0.011796881892542436,,OPTIMAL,OPTIMAL
2026,yahoo,8,3.0,ADP-aware ILP,7934.3,7934.3,0.0,0.0,,OPTIMAL,OPTIMAL
2026,yahoo,8,3.0,Static IP,9213.7,7934.3,,,1279.4000000000005,OPTIMAL,OPTIMAL
2026,yahoo,8,3.0,Direct Greedy,7672.7,7934.3,261.60000000000036,0.03297077246890089,,OPTIMAL,OPTIMAL
2026,yahoo,8,3.0,Opportunity Cost Greedy,7840.700000000001,7934.3,93.59999999999945,0.011796881892542436,,OPTIMAL,OPTIMAL
2026,yahoo,8,4.0,ADP-aware ILP,7934.3,7934.3,0.0,0.0,,OPTIMAL,OPTIMAL
2026,yahoo,8,4.0,Static IP,9213.7,7934.3,,,1279.4000000000005,OPTIMAL,OPTIMAL
2026,yahoo,8,4.0,Direct Greedy,7680.2,7934.3,254.10000000000036,0.03202550949674204,,OPTIMAL,OPTIMAL
2026,yahoo,8,4.0,Opportunity Cost Greedy,7840.700000000001,7934.3,93.59999999999945,0.011796881892542436,,OPTIMAL,OPTIMAL
2026,yahoo,8,5.0,ADP-aware ILP,7984.500000000001,7984.500000000001,0.0,0.0,,OPTIMAL,OPTIMAL
2026,yahoo,8,5.0,Static IP,9213.7,7984.500000000001,,,1229.1999999999998,OPTIMAL,OPTIMAL
2026,yahoo,8,5.0,Direct Greedy,7758.4,7984.500000000001,226.10000000000127,0.028317364894483218,,OPTIMAL,OPTIMAL
2026,yahoo,8,5.0,Opportunity Cost Greedy,7769.0,7984.500000000001,215.5000000000009,0.0269897927234017,,OPTIMAL,OPTIMAL
2026,yahoo,8,6.0,ADP-aware ILP,8048.5,8048.5,0.0,0.0,,OPTIMAL,OPTIMAL
2026,yahoo,8,6.0,Static IP,9213.7,8048.5,,,1165.2000000000007,OPTIMAL,OPTIMAL
2026,yahoo,8,6.0,Direct Greedy,7785.8,8048.5,262.6999999999998,0.03263962228986766,,OPTIMAL,OPTIMAL
2026,yahoo,8,6.0,Opportunity Cost Greedy,7834.0,8048.5,214.5,0.02665092874448655,,OPTIMAL,OPTIMAL
2026,yahoo,8,7.0,ADP-aware ILP,8071.200000000001,8071.200000000001,0.0,0.0,,OPTIMAL,OPTIMAL
2026,yahoo,8,7.0,Static IP,9213.7,8071.200000000001,,,1142.5,OPTIMAL,OPTIMAL
2026,yahoo,8,7.0,Direct Greedy,7810.8,8071.200000000001,260.40000000000055,0.03226286054118353,,OPTIMAL,OPTIMAL
2026,yahoo,8,7.0,Opportunity Cost Greedy,7893.700000000001,8071.200000000001,177.5,0.021991773218356624,,OPTIMAL,OPTIMAL
2026,yahoo,8,8.0,ADP-aware ILP,8071.200000000001,8071.200000000001,0.0,0.0,,OPTIMAL,OPTIMAL
2026,yahoo,8,8.0,Static IP,9213.7,8071.200000000001,,,1142.5,OPTIMAL,OPTIMAL
2026,yahoo,8,8.0,Direct Greedy,7810.8,8071.200000000001,260.40000000000055,0.03226286054118353,,OPTIMAL,OPTIMAL
2026,yahoo,8,8.0,Opportunity Cost Greedy,7902.6,8071.200000000001,168.60000000000036,0.020889087124591182,,OPTIMAL,OPTIMAL
2026,yahoo,8,9.0,ADP-aware ILP,8071.200000000001,8071.200000000001,0.0,0.0,,OPTIMAL,OPTIMAL
2026,yahoo,8,9.0,Static IP,9213.7,8071.200000000001,,,1142.5,OPTIMAL,OPTIMAL
2026,yahoo,8,9.0,Direct Greedy,7875.8,8071.200000000001,195.40000000000055,0.02420953513727829,,OPTIMAL,OPTIMAL
2026,yahoo,8,9.0,Opportunity Cost Greedy,7895.6,8071.200000000001,175.60000000000036,0.021756368321934824,,OPTIMAL,OPTIMAL
2026,yahoo,8,10.0,ADP-aware ILP,8099.900000000001,8099.900000000001,0.0,0.0,,OPTIMAL,OPTIMAL
2026,yahoo,8,10.0,Static IP,9213.7,8099.900000000001,,,1113.8000000000002,OPTIMAL,OPTIMAL
2026,yahoo,8,10.0,Direct Greedy,7875.8,8099.900000000001,224.10000000000036,0.027667008234669607,,OPTIMAL,OPTIMAL
2026,yahoo,8,10.0,Opportunity Cost Greedy,8009.6,8099.900000000001,90.30000000000018,0.011148285781305963,,OPTIMAL,OPTIMAL
2026,yahoo,9,-10.0,ADP-aware ILP,7775.599999999999,7775.599999999999,0.0,0.0,,OPTIMAL,OPTIMAL
2026,yahoo,9,-10.0,Static IP,9213.7,7775.599999999999,,,1438.1000000000013,OPTIMAL,OPTIMAL
2026,yahoo,9,-10.0,Direct Greedy,7482.3,7775.599999999999,293.2999999999993,0.03772056175729195,,OPTIMAL,OPTIMAL
2026,yahoo,9,-10.0,Opportunity Cost Greedy,7691.6,7775.599999999999,83.99999999999909,0.010803024846957032,,OPTIMAL,OPTIMAL
2026,yahoo,9,-9.0,ADP-aware ILP,7804.300000000001,7804.300000000001,0.0,0.0,,OPTIMAL,OPTIMAL
2026,yahoo,9,-9.0,Static IP,9213.7,7804.300000000001,,,1409.3999999999996,OPTIMAL,OPTIMAL
2026,yahoo,9,-9.0,Direct Greedy,7482.3,7804.300000000001,322.0000000000009,0.041259305767333505,,OPTIMAL,OPTIMAL
2026,yahoo,9,-9.0,Opportunity Cost Greedy,7648.1,7804.300000000001,156.20000000000073,0.020014607331855606,,OPTIMAL,OPTIMAL
2026,yahoo,9,-8.0,ADP-aware ILP,7804.300000000001,7804.300000000001,0.0,0.0,,OPTIMAL,OPTIMAL
2026,yahoo,9,-8.0,Static IP,9213.7,7804.300000000001,,,1409.3999999999996,OPTIMAL,OPTIMAL
2026,yahoo,9,-8.0,Direct Greedy,7482.3,7804.300000000001,322.0000000000009,0.041259305767333505,,OPTIMAL,OPTIMAL
2026,yahoo,9,-8.0,Opportunity Cost Greedy,7599.599999999999,7804.300000000001,204.70000000000164,0.026229130094947862,,OPTIMAL,OPTIMAL
2026,yahoo,9,-7.0,ADP-aware ILP,7827.900000000001,7827.900000000001,0.0,0.0,,OPTIMAL,OPTIMAL
2026,yahoo,9,-7.0,Static IP,9213.7,7827.900000000001,,,1385.8000000000002,OPTIMAL,OPTIMAL
2026,yahoo,9,-7.0,Direct Greedy,7482.3,7827.900000000001,345.60000000000036,0.044149771969493774,,OPTIMAL,OPTIMAL
2026,yahoo,9,-7.0,Opportunity Cost Greedy,7627.0,7827.900000000001,200.90000000000055,0.025664609920923943,,OPTIMAL,OPTIMAL
2026,yahoo,9,-6.0,ADP-aware ILP,7855.300000000001,7855.300000000001,0.0,0.0,,OPTIMAL,OPTIMAL
2026,yahoo,9,-6.0,Static IP,9213.7,7855.300000000001,,,1358.3999999999996,OPTIMAL,OPTIMAL
2026,yahoo,9,-6.0,Direct Greedy,7482.3,7855.300000000001,373.0000000000009,0.04748386439728602,,OPTIMAL,OPTIMAL
2026,yahoo,9,-6.0,Opportunity Cost Greedy,7648.5,7855.300000000001,206.8000000000011,0.02632617468460798,,OPTIMAL,OPTIMAL
2026,yahoo,9,-5.0,ADP-aware ILP,7855.300000000001,7855.300000000001,0.0,0.0,,OPTIMAL,OPTIMAL
2026,yahoo,9,-5.0,Static IP,9213.7,7855.300000000001,,,1358.3999999999996,OPTIMAL,OPTIMAL
2026,yahoo,9,-5.0,Direct Greedy,7509.3,7855.300000000001,346.0000000000009,0.0440466945883672,,OPTIMAL,OPTIMAL
2026,yahoo,9,-5.0,Opportunity Cost Greedy,7648.5,7855.300000000001,206.8000000000011,0.02632617468460798,,OPTIMAL,OPTIMAL
2026,yahoo,9,-4.0,ADP-aware ILP,7855.300000000001,7855.300000000001,0.0,0.0,,OPTIMAL,OPTIMAL
2026,yahoo,9,-4.0,Static IP,9213.7,7855.300000000001,,,1358.3999999999996,OPTIMAL,OPTIMAL
2026,yahoo,9,-4.0,Direct Greedy,7544.2,7855.300000000001,311.1000000000013,0.039603834353875884,,OPTIMAL,OPTIMAL
2026,yahoo,9,-4.0,Opportunity Cost Greedy,7648.5,7855.300000000001,206.8000000000011,0.02632617468460798,,OPTIMAL,OPTIMAL
2026,yahoo,9,-3.0,ADP-aware ILP,7876.900000000001,7876.900000000001,0.0,0.0,,OPTIMAL,OPTIMAL
2026,yahoo,9,-3.0,Static IP,9213.7,7876.900000000001,,,1336.8000000000002,OPTIMAL,OPTIMAL
2026,yahoo,9,-3.0,Direct Greedy,7595.5,7876.900000000001,281.40000000000055,0.03572471403724822,,OPTIMAL,OPTIMAL
2026,yahoo,9,-3.0,Opportunity Cost Greedy,7646.5,7876.900000000001,230.40000000000055,0.029250085693610497,,OPTIMAL,OPTIMAL
2026,yahoo,9,-2.0,ADP-aware ILP,7906.600000000001,7906.600000000001,0.0,0.0,,OPTIMAL,OPTIMAL
2026,yahoo,9,-2.0,Static IP,9213.7,7906.600000000001,,,1307.0999999999995,OPTIMAL,OPTIMAL
2026,yahoo,9,-2.0,Direct Greedy,7606.3,7906.600000000001,300.3000000000011,0.037980927326537454,,OPTIMAL,OPTIMAL
2026,yahoo,9,-2.0,Opportunity Cost Greedy,7689.1,7906.600000000001,217.5000000000009,0.02750866364809158,,OPTIMAL,OPTIMAL
2026,yahoo,9,-1.0,ADP-aware ILP,7906.600000000001,7906.600000000001,0.0,0.0,,OPTIMAL,OPTIMAL
2026,yahoo,9,-1.0,Static IP,9213.7,7906.600000000001,,,1307.0999999999995,OPTIMAL,OPTIMAL
2026,yahoo,9,-1.0,Direct Greedy,7604.3,7906.600000000001,302.3000000000011,0.03823388055548542,,OPTIMAL,OPTIMAL
2026,yahoo,9,-1.0,Opportunity Cost Greedy,7741.1,7906.600000000001,165.5000000000009,0.020931879695444425,,OPTIMAL,OPTIMAL
2026,yahoo,9,0.0,ADP-aware ILP,7906.600000000001,7906.600000000001,0.0,0.0,,OPTIMAL,OPTIMAL
2026,yahoo,9,0.0,Static IP,9213.7,7906.600000000001,,,1307.0999999999995,OPTIMAL,OPTIMAL
2026,yahoo,9,0.0,Direct Greedy,7646.3,7906.600000000001,260.3000000000011,0.03292186274757811,,OPTIMAL,OPTIMAL
2026,yahoo,9,0.0,Opportunity Cost Greedy,7741.1,7906.600000000001,165.5000000000009,0.020931879695444425,,OPTIMAL,OPTIMAL
2026,yahoo,9,1.0,ADP-aware ILP,7907.900000000001,7907.900000000001,0.0,0.0,,OPTIMAL,OPTIMAL
2026,yahoo,9,1.0,Static IP,9213.7,7907.900000000001,,,1305.8000000000002,OPTIMAL,OPTIMAL
2026,yahoo,9,1.0,Direct Greedy,7646.3,7907.900000000001,261.60000000000036,0.03308084320742553,,OPTIMAL,OPTIMAL
2026,yahoo,9,1.0,Opportunity Cost Greedy,7741.1,7907.900000000001,166.80000000000018,0.021092831219413518,,OPTIMAL,OPTIMAL
2026,yahoo,9,2.0,ADP-aware ILP,7907.900000000001,7907.900000000001,0.0,0.0,,OPTIMAL,OPTIMAL
2026,yahoo,9,2.0,Static IP,9213.7,7907.900000000001,,,1305.8000000000002,OPTIMAL,OPTIMAL
2026,yahoo,9,2.0,Direct Greedy,7646.3,7907.900000000001,261.60000000000036,0.03308084320742553,,OPTIMAL,OPTIMAL
2026,yahoo,9,2.0,Opportunity Cost Greedy,7841.8,7907.900000000001,66.10000000000036,0.008358729877717266,,OPTIMAL,OPTIMAL
2026,yahoo,9,3.0,ADP-aware ILP,7934.3,7934.3,0.0,0.0,,OPTIMAL,OPTIMAL
2026,yahoo,9,3.0,Static IP,9213.7,7934.3,,,1279.4000000000005,OPTIMAL,OPTIMAL
2026,yahoo,9,3.0,Direct Greedy,7672.7,7934.3,261.60000000000036,0.03297077246890089,,OPTIMAL,OPTIMAL
2026,yahoo,9,3.0,Opportunity Cost Greedy,7840.700000000001,7934.3,93.59999999999945,0.011796881892542436,,OPTIMAL,OPTIMAL
2026,yahoo,9,4.0,ADP-aware ILP,7955.1,7955.1,0.0,0.0,,OPTIMAL,OPTIMAL
2026,yahoo,9,4.0,Static IP,9213.7,7955.1,,,1258.6000000000004,OPTIMAL,OPTIMAL
2026,yahoo,9,4.0,Direct Greedy,7750.9,7955.1,204.20000000000073,0.02566906764214161,,OPTIMAL,OPTIMAL
2026,yahoo,9,4.0,Opportunity Cost Greedy,7767.0,7955.1,188.10000000000036,0.02364520873401973,,OPTIMAL,OPTIMAL
2026,yahoo,9,5.0,ADP-aware ILP,7955.1,7955.1,0.0,0.0,,OPTIMAL,OPTIMAL
2026,yahoo,9,5.0,Static IP,9213.7,7955.1,,,1258.6000000000004,OPTIMAL,OPTIMAL
2026,yahoo,9,5.0,Direct Greedy,7785.8,7955.1,169.30000000000018,0.021281944915840175,,OPTIMAL,OPTIMAL
2026,yahoo,9,5.0,Opportunity Cost Greedy,7767.0,7955.1,188.10000000000036,0.02364520873401973,,OPTIMAL,OPTIMAL
2026,yahoo,9,6.0,ADP-aware ILP,7984.500000000001,7984.500000000001,0.0,0.0,,OPTIMAL,OPTIMAL
2026,yahoo,9,6.0,Static IP,9213.7,7984.500000000001,,,1229.1999999999998,OPTIMAL,OPTIMAL
2026,yahoo,9,6.0,Direct Greedy,7810.8,7984.500000000001,173.70000000000073,0.021754649633665316,,OPTIMAL,OPTIMAL
2026,yahoo,9,6.0,Opportunity Cost Greedy,7809.7,7984.500000000001,174.8000000000011,0.021892416557079474,,OPTIMAL,OPTIMAL
2026,yahoo,9,7.0,ADP-aware ILP,8048.5,8048.5,0.0,0.0,,OPTIMAL,OPTIMAL
2026,yahoo,9,7.0,Static IP,9213.7,8048.5,,,1165.2000000000007,OPTIMAL,OPTIMAL
2026,yahoo,9,7.0,Direct Greedy,7810.8,8048.5,237.69999999999982,0.029533453438528895,,OPTIMAL,OPTIMAL
2026,yahoo,9,7.0,Opportunity Cost Greedy,7875.699999999999,8048.5,172.8000000000011,0.021469839100453636,,OPTIMAL,OPTIMAL
2026,yahoo,9,8.0,ADP-aware ILP,8071.200000000001,8071.200000000001,0.0,0.0,,OPTIMAL,OPTIMAL
2026,yahoo,9,8.0,Static IP,9213.7,8071.200000000001,,,1142.5,OPTIMAL,OPTIMAL
2026,yahoo,9,8.0,Direct Greedy,7875.8,8071.200000000001,195.40000000000055,0.02420953513727829,,OPTIMAL,OPTIMAL
2026,yahoo,9,8.0,Opportunity Cost Greedy,7886.7,8071.200000000001,184.5000000000009,0.022859054415700377,,OPTIMAL,OPTIMAL
2026,yahoo,9,9.0,ADP-aware ILP,8071.200000000001,8071.200000000001,0.0,0.0,,OPTIMAL,OPTIMAL
2026,yahoo,9,9.0,Static IP,9213.7,8071.200000000001,,,1142.5,OPTIMAL,OPTIMAL
2026,yahoo,9,9.0,Direct Greedy,7875.8,8071.200000000001,195.40000000000055,0.02420953513727829,,OPTIMAL,OPTIMAL
2026,yahoo,9,9.0,Opportunity Cost Greedy,7902.6,8071.200000000001,168.60000000000036,0.020889087124591182,,OPTIMAL,OPTIMAL
2026,yahoo,9,10.0,ADP-aware ILP,8097.6,8097.6,0.0,0.0,,OPTIMAL,OPTIMAL
2026,yahoo,9,10.0,Static IP,9213.7,8097.6,,,1116.1000000000004,OPTIMAL,OPTIMAL
2026,yahoo,9,10.0,Direct Greedy,7875.8,8097.6,221.80000000000018,0.027390831851412785,,OPTIMAL,OPTIMAL
2026,yahoo,9,10.0,Opportunity Cost Greedy,8016.2,8097.6,81.40000000000055,0.010052361193440098,,OPTIMAL,OPTIMAL
2026,yahoo,10,-10.0,ADP-aware ILP,7786.300000000001,7786.300000000001,0.0,0.0,,OPTIMAL,OPTIMAL
2026,yahoo,10,-10.0,Static IP,9213.7,7786.300000000001,,,1427.3999999999996,OPTIMAL,OPTIMAL
2026,yahoo,10,-10.0,Direct Greedy,7482.3,7786.300000000001,304.0000000000009,0.03904293438475282,,OPTIMAL,OPTIMAL
2026,yahoo,10,-10.0,Opportunity Cost Greedy,7631.1,7786.300000000001,155.20000000000073,0.01993244544905805,,OPTIMAL,OPTIMAL
2026,yahoo,10,-9.0,ADP-aware ILP,7786.300000000001,7786.300000000001,0.0,0.0,,OPTIMAL,OPTIMAL
2026,yahoo,10,-9.0,Static IP,9213.7,7786.300000000001,,,1427.3999999999996,OPTIMAL,OPTIMAL
2026,yahoo,10,-9.0,Direct Greedy,7482.3,7786.300000000001,304.0000000000009,0.03904293438475282,,OPTIMAL,OPTIMAL
2026,yahoo,10,-9.0,Opportunity Cost Greedy,7631.1,7786.300000000001,155.20000000000073,0.01993244544905805,,OPTIMAL,OPTIMAL
2026,yahoo,10,-8.0,ADP-aware ILP,7804.300000000001,7804.300000000001,0.0,0.0,,OPTIMAL,OPTIMAL
2026,yahoo,10,-8.0,Static IP,9213.7,7804.300000000001,,,1409.3999999999996,OPTIMAL,OPTIMAL
2026,yahoo,10,-8.0,Direct Greedy,7482.3,7804.300000000001,322.0000000000009,0.041259305767333505,,OPTIMAL,OPTIMAL
2026,yahoo,10,-8.0,Opportunity Cost Greedy,7648.1,7804.300000000001,156.20000000000073,0.020014607331855606,,OPTIMAL,OPTIMAL
2026,yahoo,10,-7.0,ADP-aware ILP,7822.800000000001,7822.800000000001,0.0,0.0,,OPTIMAL,OPTIMAL
2026,yahoo,10,-7.0,Static IP,9213.7,7822.800000000001,,,1390.8999999999996,OPTIMAL,OPTIMAL
2026,yahoo,10,-7.0,Direct Greedy,7482.3,7822.800000000001,340.5000000000009,0.043526614511428245,,OPTIMAL,OPTIMAL
2026,yahoo,10,-7.0,Opportunity Cost Greedy,7659.599999999999,7822.800000000001,163.20000000000164,0.02086209541340717,,OPTIMAL,OPTIMAL
2026,yahoo,10,-6.0,ADP-aware ILP,7855.300000000001,7855.300000000001,0.0,0.0,,OPTIMAL,OPTIMAL
2026,yahoo,10,-6.0,Static IP,9213.7,7855.300000000001,,,1358.3999999999996,OPTIMAL,OPTIMAL
2026,yahoo,10,-6.0,Direct Greedy,7509.3,7855.300000000001,346.0000000000009,0.0440466945883672,,OPTIMAL,OPTIMAL
2026,yahoo,10,-6.0,Opportunity Cost Greedy,7648.5,7855.300000000001,206.8000000000011,0.02632617468460798,,OPTIMAL,OPTIMAL
2026,yahoo,10,-5.0,ADP-aware ILP,7855.300000000001,7855.300000000001,0.0,0.0,,OPTIMAL,OPTIMAL
2026,yahoo,10,-5.0,Static IP,9213.7,7855.300000000001,,,1358.3999999999996,OPTIMAL,OPTIMAL
2026,yahoo,10,-5.0,Direct Greedy,7544.2,7855.300000000001,311.1000000000013,0.039603834353875884,,OPTIMAL,OPTIMAL
2026,yahoo,10,-5.0,Opportunity Cost Greedy,7648.5,7855.300000000001,206.8000000000011,0.02632617468460798,,OPTIMAL,OPTIMAL
2026,yahoo,10,-4.0,ADP-aware ILP,7855.300000000001,7855.300000000001,0.0,0.0,,OPTIMAL,OPTIMAL
2026,yahoo,10,-4.0,Static IP,9213.7,7855.300000000001,,,1358.3999999999996,OPTIMAL,OPTIMAL
2026,yahoo,10,-4.0,Direct Greedy,7544.2,7855.300000000001,311.1000000000013,0.039603834353875884,,OPTIMAL,OPTIMAL
2026,yahoo,10,-4.0,Opportunity Cost Greedy,7648.5,7855.300000000001,206.8000000000011,0.02632617468460798,,OPTIMAL,OPTIMAL
2026,yahoo,10,-3.0,ADP-aware ILP,7855.800000000001,7855.800000000001,0.0,0.0,,OPTIMAL,OPTIMAL
2026,yahoo,10,-3.0,Static IP,9213.7,7855.800000000001,,,1357.8999999999996,OPTIMAL,OPTIMAL
2026,yahoo,10,-3.0,Direct Greedy,7544.2,7855.800000000001,311.6000000000013,0.03966496092059386,,OPTIMAL,OPTIMAL
2026,yahoo,10,-3.0,Opportunity Cost Greedy,7694.5,7855.800000000001,161.3000000000011,0.020532600117111062,,OPTIMAL,OPTIMAL
2026,yahoo,10,-2.0,ADP-aware ILP,7906.600000000001,7906.600000000001,0.0,0.0,,OPTIMAL,OPTIMAL
2026,yahoo,10,-2.0,Static IP,9213.7,7906.600000000001,,,1307.0999999999995,OPTIMAL,OPTIMAL
2026,yahoo,10,-2.0,Direct Greedy,7595.5,7906.600000000001,311.1000000000013,0.039346874762856504,,OPTIMAL,OPTIMAL
2026,yahoo,10,-2.0,Opportunity Cost Greedy,7741.1,7906.600000000001,165.5000000000009,0.020931879695444425,,OPTIMAL,OPTIMAL
2026,yahoo,10,-1.0,ADP-aware ILP,7906.600000000001,7906.600000000001,0.0,0.0,,OPTIMAL,OPTIMAL
2026,yahoo,10,-1.0,Static IP,9213.7,7906.600000000001,,,1307.0999999999995,OPTIMAL,OPTIMAL
2026,yahoo,10,-1.0,Direct Greedy,7638.8,7906.600000000001,267.8000000000011,0.03387043735613298,,OPTIMAL,OPTIMAL
2026,yahoo,10,-1.0,Opportunity Cost Greedy,7741.1,7906.600000000001,165.5000000000009,0.020931879695444425,,OPTIMAL,OPTIMAL
2026,yahoo,10,0.0,ADP-aware ILP,7906.600000000001,7906.600000000001,0.0,0.0,,OPTIMAL,OPTIMAL
2026,yahoo,10,0.0,Static IP,9213.7,7906.600000000001,,,1307.0999999999995,OPTIMAL,OPTIMAL
2026,yahoo,10,0.0,Direct Greedy,7646.3,7906.600000000001,260.3000000000011,0.03292186274757811,,OPTIMAL,OPTIMAL
2026,yahoo,10,0.0,Opportunity Cost Greedy,7741.1,7906.600000000001,165.5000000000009,0.020931879695444425,,OPTIMAL,OPTIMAL
2026,yahoo,10,1.0,ADP-aware ILP,7906.600000000001,7906.600000000001,0.0,0.0,,OPTIMAL,OPTIMAL
2026,yahoo,10,1.0,Static IP,9213.7,7906.600000000001,,,1307.0999999999995,OPTIMAL,OPTIMAL
2026,yahoo,10,1.0,Direct Greedy,7646.3,7906.600000000001,260.3000000000011,0.03292186274757811,,OPTIMAL,OPTIMAL
2026,yahoo,10,1.0,Opportunity Cost Greedy,7817.8,7906.600000000001,88.80000000000109,0.011231123365289895,,OPTIMAL,OPTIMAL
2026,yahoo,10,2.0,ADP-aware ILP,7907.900000000001,7907.900000000001,0.0,0.0,,OPTIMAL,OPTIMAL
2026,yahoo,10,2.0,Static IP,9213.7,7907.900000000001,,,1305.8000000000002,OPTIMAL,OPTIMAL
2026,yahoo,10,2.0,Direct Greedy,7646.3,7907.900000000001,261.60000000000036,0.03308084320742553,,OPTIMAL,OPTIMAL
2026,yahoo,10,2.0,Opportunity Cost Greedy,7841.8,7907.900000000001,66.10000000000036,0.008358729877717266,,OPTIMAL,OPTIMAL
2026,yahoo,10,3.0,ADP-aware ILP,7916.400000000001,7916.400000000001,0.0,0.0,,OPTIMAL,OPTIMAL
2026,yahoo,10,3.0,Static IP,9213.7,7916.400000000001,,,1297.3000000000002,OPTIMAL,OPTIMAL
2026,yahoo,10,3.0,Direct Greedy,7646.3,7916.400000000001,270.10000000000036,0.03411904400990354,,OPTIMAL,OPTIMAL
2026,yahoo,10,3.0,Opportunity Cost Greedy,7844.6,7916.400000000001,71.80000000000018,0.009069779192562298,,OPTIMAL,OPTIMAL
2026,yahoo,10,4.0,ADP-aware ILP,7955.1,7955.1,0.0,0.0,,OPTIMAL,OPTIMAL
2026,yahoo,10,4.0,Static IP,9213.7,7955.1,,,1258.6000000000004,OPTIMAL,OPTIMAL
2026,yahoo,10,4.0,Direct Greedy,7778.3,7955.1,176.80000000000018,0.022224736332667114,,OPTIMAL,OPTIMAL
2026,yahoo,10,4.0,Opportunity Cost Greedy,7840.700000000001,7955.1,114.39999999999964,0.014380711744666897,,OPTIMAL,OPTIMAL
2026,yahoo,10,5.0,ADP-aware ILP,7955.1,7955.1,0.0,0.0,,OPTIMAL,OPTIMAL
2026,yahoo,10,5.0,Static IP,9213.7,7955.1,,,1258.6000000000004,OPTIMAL,OPTIMAL
2026,yahoo,10,5.0,Direct Greedy,7803.3,7955.1,151.80000000000018,0.019082098276577312,,OPTIMAL,OPTIMAL
2026,yahoo,10,5.0,Opportunity Cost Greedy,7767.0,7955.1,188.10000000000036,0.02364520873401973,,OPTIMAL,OPTIMAL
2026,yahoo,10,6.0,ADP-aware ILP,7955.1,7955.1,0.0,0.0,,OPTIMAL,OPTIMAL
2026,yahoo,10,6.0,Static IP,9213.7,7955.1,,,1258.6000000000004,OPTIMAL,OPTIMAL
2026,yahoo,10,6.0,Direct Greedy,7810.8,7955.1,144.30000000000018,0.018139306859750372,,OPTIMAL,OPTIMAL
2026,yahoo,10,6.0,Opportunity Cost Greedy,7767.0,7955.1,188.10000000000036,0.02364520873401973,,OPTIMAL,OPTIMAL
2026,yahoo,10,7.0,ADP-aware ILP,7984.500000000001,7984.500000000001,0.0,0.0,,OPTIMAL,OPTIMAL
2026,yahoo,10,7.0,Static IP,9213.7,7984.500000000001,,,1229.1999999999998,OPTIMAL,OPTIMAL
2026,yahoo,10,7.0,Direct Greedy,7875.8,7984.500000000001,108.70000000000073,0.01361387688646762,,OPTIMAL,OPTIMAL
2026,yahoo,10,7.0,Opportunity Cost Greedy,7798.5,7984.500000000001,186.0000000000009,0.02329513432275044,,OPTIMAL,OPTIMAL
2026,yahoo,10,8.0,ADP-aware ILP,8048.5,8048.5,0.0,0.0,,OPTIMAL,OPTIMAL
2026,yahoo,10,8.0,Static IP,9213.7,8048.5,,,1165.2000000000007,OPTIMAL,OPTIMAL
2026,yahoo,10,8.0,Direct Greedy,7875.8,8048.5,172.69999999999982,0.021457414425048123,,OPTIMAL,OPTIMAL
2026,yahoo,10,8.0,Opportunity Cost Greedy,7875.699999999999,8048.5,172.8000000000011,0.021469839100453636,,OPTIMAL,OPTIMAL
2026,yahoo,10,9.0,ADP-aware ILP,8097.6,8097.6,0.0,0.0,,OPTIMAL,OPTIMAL
2026,yahoo,10,9.0,Static IP,9213.7,8097.6,,,1116.1000000000004,OPTIMAL,OPTIMAL
2026,yahoo,10,9.0,Direct Greedy,7875.8,8097.6,221.80000000000018,0.027390831851412785,,OPTIMAL,OPTIMAL
2026,yahoo,10,9.0,Opportunity Cost Greedy,8007.3,8097.6,90.30000000000018,0.011151452282157697,,OPTIMAL,OPTIMAL
2026,yahoo,10,10.0,ADP-aware ILP,8097.6,8097.6,0.0,0.0,,OPTIMAL,OPTIMAL
2026,yahoo,10,10.0,Static IP,9213.7,8097.6,,,1116.1000000000004,OPTIMAL,OPTIMAL
2026,yahoo,10,10.0,Direct Greedy,7875.8,8097.6,221.80000000000018,0.027390831851412785,,OPTIMAL,OPTIMAL
2026,yahoo,10,10.0,Opportunity Cost Greedy,7942.5,8097.6,155.10000000000036,0.01915382335506821,,OPTIMAL,OPTIMAL
2026,yahoo,11,-10.0,ADP-aware ILP,7786.300000000001,7786.300000000001,0.0,0.0,,OPTIMAL,OPTIMAL
2026,yahoo,11,-10.0,Static IP,9213.7,7786.300000000001,,,1427.3999999999996,OPTIMAL,OPTIMAL
2026,yahoo,11,-10.0,Direct Greedy,7482.3,7786.300000000001,304.0000000000009,0.03904293438475282,,OPTIMAL,OPTIMAL
2026,yahoo,11,-10.0,Opportunity Cost Greedy,7616.299999999999,7786.300000000001,170.00000000000182,0.021833219886210627,,OPTIMAL,OPTIMAL
2026,yahoo,11,-9.0,ADP-aware ILP,7786.300000000001,7786.300000000001,0.0,0.0,,OPTIMAL,OPTIMAL
2026,yahoo,11,-9.0,Static IP,9213.7,7786.300000000001,,,1427.3999999999996,OPTIMAL,OPTIMAL
2026,yahoo,11,-9.0,Direct Greedy,7482.3,7786.300000000001,304.0000000000009,0.03904293438475282,,OPTIMAL,OPTIMAL
2026,yahoo,11,-9.0,Opportunity Cost Greedy,7691.6,7786.300000000001,94.70000000000073,0.012162387783671413,,OPTIMAL,OPTIMAL
2026,yahoo,11,-8.0,ADP-aware ILP,7794.300000000001,7794.300000000001,0.0,0.0,,OPTIMAL,OPTIMAL
2026,yahoo,11,-8.0,Static IP,9213.7,7794.300000000001,,,1419.3999999999996,OPTIMAL,OPTIMAL
2026,yahoo,11,-8.0,Direct Greedy,7482.3,7794.300000000001,312.0000000000009,0.040029252145798964,,OPTIMAL,OPTIMAL
2026,yahoo,11,-8.0,Opportunity Cost Greedy,7608.099999999999,7794.300000000001,186.20000000000164,0.02388925240239683,,OPTIMAL,OPTIMAL
2026,yahoo,11,-7.0,ADP-aware ILP,7822.800000000001,7822.800000000001,0.0,0.0,,OPTIMAL,OPTIMAL
2026,yahoo,11,-7.0,Static IP,9213.7,7822.800000000001,,,1390.8999999999996,OPTIMAL,OPTIMAL
2026,yahoo,11,-7.0,Direct Greedy,7509.3,7822.800000000001,313.5000000000009,0.04007516490259253,,OPTIMAL,OPTIMAL
2026,yahoo,11,-7.0,Opportunity Cost Greedy,7656.1,7822.800000000001,166.70000000000073,0.021309505547885757,,OPTIMAL,OPTIMAL
2026,yahoo,11,-6.0,ADP-aware ILP,7822.800000000001,7822.800000000001,0.0,0.0,,OPTIMAL,OPTIMAL
2026,yahoo,11,-6.0,Static IP,9213.7,7822.800000000001,,,1390.8999999999996,OPTIMAL,OPTIMAL
2026,yahoo,11,-6.0,Direct Greedy,7544.2,7822.800000000001,278.6000000000013,0.03561384670450494,,OPTIMAL,OPTIMAL
2026,yahoo,11,-6.0,Opportunity Cost Greedy,7659.599999999999,7822.800000000001,163.20000000000164,0.02086209541340717,,OPTIMAL,OPTIMAL
2026,yahoo,11,-5.0,ADP-aware ILP,7855.300000000001,7855.300000000001,0.0,0.0,,OPTIMAL,OPTIMAL
2026,yahoo,11,-5.0,Static IP,9213.7,7855.300000000001,,,1358.3999999999996,OPTIMAL,OPTIMAL
2026,yahoo,11,-5.0,Direct Greedy,7544.2,7855.300000000001,311.1000000000013,0.039603834353875884,,OPTIMAL,OPTIMAL
2026,yahoo,11,-5.0,Opportunity Cost Greedy,7648.5,7855.300000000001,206.8000000000011,0.02632617468460798,,OPTIMAL,OPTIMAL
2026,yahoo,11,-4.0,ADP-aware ILP,7855.300000000001,7855.300000000001,0.0,0.0,,OPTIMAL,OPTIMAL
2026,yahoo,11,-4.0,Static IP,9213.7,7855.300000000001,,,1358.3999999999996,OPTIMAL,OPTIMAL
2026,yahoo,11,-4.0,Direct Greedy,7544.2,7855.300000000001,311.1000000000013,0.039603834353875884,,OPTIMAL,OPTIMAL
2026,yahoo,11,-4.0,Opportunity Cost Greedy,7709.599999999999,7855.300000000001,145.70000000000164,0.01854798670961028,,OPTIMAL,OPTIMAL
2026,yahoo,11,-3.0,ADP-aware ILP,7855.800000000001,7855.800000000001,0.0,0.0,,OPTIMAL,OPTIMAL
2026,yahoo,11,-3.0,Static IP,9213.7,7855.800000000001,,,1357.8999999999996,OPTIMAL,OPTIMAL
2026,yahoo,11,-3.0,Direct Greedy,7544.2,7855.800000000001,311.6000000000013,0.03966496092059386,,OPTIMAL,OPTIMAL
2026,yahoo,11,-3.0,Opportunity Cost Greedy,7694.5,7855.800000000001,161.3000000000011,0.020532600117111062,,OPTIMAL,OPTIMAL
2026,yahoo,11,-2.0,ADP-aware ILP,7855.800000000001,7855.800000000001,0.0,0.0,,OPTIMAL,OPTIMAL
2026,yahoo,11,-2.0,Static IP,9213.7,7855.800000000001,,,1357.8999999999996,OPTIMAL,OPTIMAL
2026,yahoo,11,-2.0,Direct Greedy,7576.7,7855.800000000001,279.1000000000013,0.03552789022123797,,OPTIMAL,OPTIMAL
2026,yahoo,11,-2.0,Opportunity Cost Greedy,7753.4,7855.800000000001,102.40000000000146,0.013034955065047664,,OPTIMAL,OPTIMAL
2026,yahoo,11,-1.0,ADP-aware ILP,7906.600000000001,7906.600000000001,0.0,0.0,,OPTIMAL,OPTIMAL
2026,yahoo,11,-1.0,Static IP,9213.7,7906.600000000001,,,1307.0999999999995,OPTIMAL,OPTIMAL
2026,yahoo,11,-1.0,Direct Greedy,7628.0,7906.600000000001,278.6000000000013,0.03523638479245203,,OPTIMAL,OPTIMAL
2026,yahoo,11,-1.0,Opportunity Cost Greedy,7741.1,7906.600000000001,165.5000000000009,0.020931879695444425,,OPTIMAL,OPTIMAL
2026,yahoo,11,0.0,ADP-aware ILP,7906.600000000001,7906.600000000001,0.0,0.0,,OPTIMAL,OPTIMAL
2026,yahoo,11,0.0,Static IP,9213.7,7906.600000000001,,,1307.0999999999995,OPTIMAL,OPTIMAL
2026,yahoo,11,0.0,Direct Greedy,7638.8,7906.600000000001,267.8000000000011,0.03387043735613298,,OPTIMAL,OPTIMAL
2026,yahoo,11,0.0,Opportunity Cost Greedy,7817.8,7906.600000000001,88.80000000000109,0.011231123365289895,,OPTIMAL,OPTIMAL
2026,yahoo,11,1.0,ADP-aware ILP,7906.600000000001,7906.600000000001,0.0,0.0,,OPTIMAL,OPTIMAL
2026,yahoo,11,1.0,Static IP,9213.7,7906.600000000001,,,1307.0999999999995,OPTIMAL,OPTIMAL
2026,yahoo,11,1.0,Direct Greedy,7646.3,7906.600000000001,260.3000000000011,0.03292186274757811,,OPTIMAL,OPTIMAL
2026,yahoo,11,1.0,Opportunity Cost Greedy,7817.8,7906.600000000001,88.80000000000109,0.011231123365289895,,OPTIMAL,OPTIMAL
2026,yahoo,11,2.0,ADP-aware ILP,7915.900000000001,7915.900000000001,0.0,0.0,,OPTIMAL,OPTIMAL
2026,yahoo,11,2.0,Static IP,9213.7,7915.900000000001,,,1297.8000000000002,OPTIMAL,OPTIMAL
2026,yahoo,11,2.0,Direct Greedy,7646.3,7915.900000000001,269.60000000000036,0.03405803509392493,,OPTIMAL,OPTIMAL
2026,yahoo,11,2.0,Opportunity Cost Greedy,7786.2,7915.900000000001,129.70000000000073,0.016384744627900898,,OPTIMAL,OPTIMAL
2026,yahoo,11,3.0,ADP-aware ILP,7915.900000000001,7915.900000000001,0.0,0.0,,OPTIMAL,OPTIMAL
2026,yahoo,11,3.0,Static IP,9213.7,7915.900000000001,,,1297.8000000000002,OPTIMAL,OPTIMAL
2026,yahoo,11,3.0,Direct Greedy,7646.3,7915.900000000001,269.60000000000036,0.03405803509392493,,OPTIMAL,OPTIMAL
2026,yahoo,11,3.0,Opportunity Cost Greedy,7844.6,7915.900000000001,71.30000000000018,0.009007188064528377,,OPTIMAL,OPTIMAL
2026,yahoo,11,4.0,ADP-aware ILP,7916.400000000001,7916.400000000001,0.0,0.0,,OPTIMAL,OPTIMAL
2026,yahoo,11,4.0,Static IP,9213.7,7916.400000000001,,,1297.3000000000002,OPTIMAL,OPTIMAL
2026,yahoo,11,4.0,Direct Greedy,7671.3,7916.400000000001,245.10000000000036,0.030961042898287144,,OPTIMAL,OPTIMAL
2026,yahoo,11,4.0,Opportunity Cost Greedy,7789.2,7916.400000000001,127.20000000000073,0.01606790965590429,,OPTIMAL,OPTIMAL
2026,yahoo,11,5.0,ADP-aware ILP,7955.1,7955.1,0.0,0.0,,OPTIMAL,OPTIMAL
2026,yahoo,11,5.0,Static IP,9213.7,7955.1,,,1258.6000000000004,OPTIMAL,OPTIMAL
2026,yahoo,11,5.0,Direct Greedy,7803.3,7955.1,151.80000000000018,0.019082098276577312,,OPTIMAL,OPTIMAL
2026,yahoo,11,5.0,Opportunity Cost Greedy,7840.700000000001,7955.1,114.39999999999964,0.014380711744666897,,OPTIMAL,OPTIMAL
2026,yahoo,11,6.0,ADP-aware ILP,7955.1,7955.1,0.0,0.0,,OPTIMAL,OPTIMAL
2026,yahoo,11,6.0,Static IP,9213.7,7955.1,,,1258.6000000000004,OPTIMAL,OPTIMAL
2026,yahoo,11,6.0,Direct Greedy,7868.3,7955.1,86.80000000000018,0.010911239330743823,,OPTIMAL,OPTIMAL
2026,yahoo,11,6.0,Opportunity Cost Greedy,7742.0,7955.1,213.10000000000036,0.026787846790109534,,OPTIMAL,OPTIMAL
2026,yahoo,11,7.0,ADP-aware ILP,7955.1,7955.1,0.0,0.0,,OPTIMAL,OPTIMAL
2026,yahoo,11,7.0,Static IP,9213.7,7955.1,,,1258.6000000000004,OPTIMAL,OPTIMAL
2026,yahoo,11,7.0,Direct Greedy,7875.8,7955.1,79.30000000000018,0.009968447913916881,,OPTIMAL,OPTIMAL
2026,yahoo,11,7.0,Opportunity Cost Greedy,7767.0,7955.1,188.10000000000036,0.02364520873401973,,OPTIMAL,OPTIMAL
2026,yahoo,11,8.0,ADP-aware ILP,8010.900000000001,8010.900000000001,0.0,0.0,,OPTIMAL,OPTIMAL
2026,yahoo,11,8.0,Static IP,9213.7,8010.900000000001,,,1202.8000000000002,OPTIMAL,OPTIMAL
2026,yahoo,11,8.0,Direct Greedy,7875.8,8010.900000000001,135.10000000000036,0.016864522088654254,,OPTIMAL,OPTIMAL
2026,yahoo,11,8.0,Opportunity Cost Greedy,7977.400000000001,8010.900000000001,33.5,0.004181802294373915,,OPTIMAL,OPTIMAL
2026,yahoo,11,9.0,ADP-aware ILP,8074.900000000001,8074.900000000001,0.0,0.0,,OPTIMAL,OPTIMAL
2026,yahoo,11,9.0,Static IP,9213.7,8074.900000000001,,,1138.8000000000002,OPTIMAL,OPTIMAL
2026,yahoo,11,9.0,Direct Greedy,7875.8,8074.900000000001,199.10000000000036,0.024656652094762827,,OPTIMAL,OPTIMAL
2026,yahoo,11,9.0,Opportunity Cost Greedy,7900.5,8074.900000000001,174.40000000000055,0.021597790684714426,,OPTIMAL,OPTIMAL
2026,yahoo,11,10.0,ADP-aware ILP,8097.6,8097.6,0.0,0.0,,OPTIMAL,OPTIMAL
2026,yahoo,11,10.0,Static IP,9213.7,8097.6,,,1116.1000000000004,OPTIMAL,OPTIMAL
2026,yahoo,11,10.0,Direct Greedy,7875.8,8097.6,221.80000000000018,0.027390831851412785,,OPTIMAL,OPTIMAL
2026,yahoo,11,10.0,Opportunity Cost Greedy,7942.5,8097.6,155.10000000000036,0.01915382335506821,,OPTIMAL,OPTIMAL
2026,yahoo,12,-10.0,ADP-aware ILP,7755.800000000001,7755.800000000001,0.0,0.0,,OPTIMAL,OPTIMAL
2026,yahoo,12,-10.0,Static IP,9213.7,7755.800000000001,,,1457.8999999999996,OPTIMAL,OPTIMAL
2026,yahoo,12,-10.0,Direct Greedy,7482.3,7755.800000000001,273.5000000000009,0.035263931509322166,,OPTIMAL,OPTIMAL
2026,yahoo,12,-10.0,Opportunity Cost Greedy,7656.7,7755.800000000001,99.10000000000127,0.012777534232445558,,OPTIMAL,OPTIMAL
2026,yahoo,12,-9.0,ADP-aware ILP,7794.300000000001,7794.300000000001,0.0,0.0,,OPTIMAL,OPTIMAL
2026,yahoo,12,-9.0,Static IP,9213.7,7794.300000000001,,,1419.3999999999996,OPTIMAL,OPTIMAL
2026,yahoo,12,-9.0,Direct Greedy,7482.3,7794.300000000001,312.0000000000009,0.040029252145798964,,OPTIMAL,OPTIMAL
2026,yahoo,12,-9.0,Opportunity Cost Greedy,7654.6,7794.300000000001,139.70000000000073,0.017923354246051692,,OPTIMAL,OPTIMAL
2026,yahoo,12,-8.0,ADP-aware ILP,7794.300000000001,7794.300000000001,0.0,0.0,,OPTIMAL,OPTIMAL
2026,yahoo,12,-8.0,Static IP,9213.7,7794.300000000001,,,1419.3999999999996,OPTIMAL,OPTIMAL
2026,yahoo,12,-8.0,Direct Greedy,7509.3,7794.300000000001,285.0000000000009,0.03656518224856637,,OPTIMAL,OPTIMAL
2026,yahoo,12,-8.0,Opportunity Cost Greedy,7630.099999999999,7794.300000000001,164.20000000000164,0.02106667693057768,,OPTIMAL,OPTIMAL
2026,yahoo,12,-7.0,ADP-aware ILP,7794.300000000001,7794.300000000001,0.0,0.0,,OPTIMAL,OPTIMAL
2026,yahoo,12,-7.0,Static IP,9213.7,7794.300000000001,,,1419.3999999999996,OPTIMAL,OPTIMAL
2026,yahoo,12,-7.0,Direct Greedy,7544.2,7794.300000000001,250.10000000000127,0.032087551159180584,,OPTIMAL,OPTIMAL
2026,yahoo,12,-7.0,Opportunity Cost Greedy,7590.1,7794.300000000001,204.20000000000073,0.026198632333885107,,OPTIMAL,OPTIMAL
2026,yahoo,12,-6.0,ADP-aware ILP,7822.800000000001,7822.800000000001,0.0,0.0,,OPTIMAL,OPTIMAL
2026,yahoo,12,-6.0,Static IP,9213.7,7822.800000000001,,,1390.8999999999996,OPTIMAL,OPTIMAL
2026,yahoo,12,-6.0,Direct Greedy,7544.2,7822.800000000001,278.6000000000013,0.03561384670450494,,OPTIMAL,OPTIMAL
2026,yahoo,12,-6.0,Opportunity Cost Greedy,7704.1,7822.800000000001,118.70000000000073,0.015173595132177828,,OPTIMAL,OPTIMAL
2026,yahoo,12,-5.0,ADP-aware ILP,7822.800000000001,7822.800000000001,0.0,0.0,,OPTIMAL,OPTIMAL
2026,yahoo,12,-5.0,Static IP,9213.7,7822.800000000001,,,1390.8999999999996,OPTIMAL,OPTIMAL
2026,yahoo,12,-5.0,Direct Greedy,7544.2,7822.800000000001,278.6000000000013,0.03561384670450494,,OPTIMAL,OPTIMAL
2026,yahoo,12,-5.0,Opportunity Cost Greedy,7659.599999999999,7822.800000000001,163.20000000000164,0.02086209541340717,,OPTIMAL,OPTIMAL
2026,yahoo,12,-4.0,ADP-aware ILP,7855.300000000001,7855.300000000001,0.0,0.0,,OPTIMAL,OPTIMAL
2026,yahoo,12,-4.0,Static IP,9213.7,7855.300000000001,,,1358.3999999999996,OPTIMAL,OPTIMAL
2026,yahoo,12,-4.0,Direct Greedy,7544.2,7855.300000000001,311.1000000000013,0.039603834353875884,,OPTIMAL,OPTIMAL
2026,yahoo,12,-4.0,Opportunity Cost Greedy,7709.599999999999,7855.300000000001,145.70000000000164,0.01854798670961028,,OPTIMAL,OPTIMAL
2026,yahoo,12,-3.0,ADP-aware ILP,7855.300000000001,7855.300000000001,0.0,0.0,,OPTIMAL,OPTIMAL
2026,yahoo,12,-3.0,Static IP,9213.7,7855.300000000001,,,1358.3999999999996,OPTIMAL,OPTIMAL
2026,yahoo,12,-3.0,Direct Greedy,7576.7,7855.300000000001,278.6000000000013,0.03546650032462175,,OPTIMAL,OPTIMAL
2026,yahoo,12,-3.0,Opportunity Cost Greedy,7777.2,7855.300000000001,78.10000000000127,0.009942331928761634,,OPTIMAL,OPTIMAL
2026,yahoo,12,-2.0,ADP-aware ILP,7855.800000000001,7855.800000000001,0.0,0.0,,OPTIMAL,OPTIMAL
2026,yahoo,12,-2.0,Static IP,9213.7,7855.800000000001,,,1357.8999999999996,OPTIMAL,OPTIMAL
2026,yahoo,12,-2.0,Direct Greedy,7576.7,7855.800000000001,279.1000000000013,0.03552789022123797,,OPTIMAL,OPTIMAL
2026,yahoo,12,-2.0,Opportunity Cost Greedy,7753.4,7855.800000000001,102.40000000000146,0.013034955065047664,,OPTIMAL,OPTIMAL
2026,yahoo,12,-1.0,ADP-aware ILP,7855.800000000001,7855.800000000001,0.0,0.0,,OPTIMAL,OPTIMAL
2026,yahoo,12,-1.0,Static IP,9213.7,7855.800000000001,,,1357.8999999999996,OPTIMAL,OPTIMAL
2026,yahoo,12,-1.0,Direct Greedy,7576.7,7855.800000000001,279.1000000000013,0.03552789022123797,,OPTIMAL,OPTIMAL
2026,yahoo,12,-1.0,Opportunity Cost Greedy,7736.4,7855.800000000001,119.40000000000146,0.015198961277018436,,OPTIMAL,OPTIMAL
2026,yahoo,12,0.0,ADP-aware ILP,7906.600000000001,7906.600000000001,0.0,0.0,,OPTIMAL,OPTIMAL
2026,yahoo,12,0.0,Static IP,9213.7,7906.600000000001,,,1307.0999999999995,OPTIMAL,OPTIMAL
2026,yahoo,12,0.0,Direct Greedy,7628.0,7906.600000000001,278.6000000000013,0.03523638479245203,,OPTIMAL,OPTIMAL
2026,yahoo,12,0.0,Opportunity Cost Greedy,7817.8,7906.600000000001,88.80000000000109,0.011231123365289895,,OPTIMAL,OPTIMAL
2026,yahoo,12,1.0,ADP-aware ILP,7906.600000000001,7906.600000000001,0.0,0.0,,OPTIMAL,OPTIMAL
2026,yahoo,12,1.0,Static IP,9213.7,7906.600000000001,,,1307.0999999999995,OPTIMAL,OPTIMAL
2026,yahoo,12,1.0,Direct Greedy,7638.8,7906.600000000001,267.8000000000011,0.03387043735613298,,OPTIMAL,OPTIMAL
2026,yahoo,12,1.0,Opportunity Cost Greedy,7714.9,7906.600000000001,191.70000000000164,0.02424556699466289,,OPTIMAL,OPTIMAL
2026,yahoo,12,2.0,ADP-aware ILP,7906.600000000001,7906.600000000001,0.0,0.0,,OPTIMAL,OPTIMAL
2026,yahoo,12,2.0,Static IP,9213.7,7906.600000000001,,,1307.0999999999995,OPTIMAL,OPTIMAL
2026,yahoo,12,2.0,Direct Greedy,7646.3,7906.600000000001,260.3000000000011,0.03292186274757811,,OPTIMAL,OPTIMAL
2026,yahoo,12,2.0,Opportunity Cost Greedy,7786.2,7906.600000000001,120.40000000000146,0.015227784382667826,,OPTIMAL,OPTIMAL
2026,yahoo,12,3.0,ADP-aware ILP,7915.900000000001,7915.900000000001,0.0,0.0,,OPTIMAL,OPTIMAL
2026,yahoo,12,3.0,Static IP,9213.7,7915.900000000001,,,1297.8000000000002,OPTIMAL,OPTIMAL
2026,yahoo,12,3.0,Direct Greedy,7671.3,7915.900000000001,244.60000000000036,0.03089983451028946,,OPTIMAL,OPTIMAL
2026,yahoo,12,3.0,Opportunity Cost Greedy,7730.8,7915.900000000001,185.10000000000036,0.02338331712123705,,OPTIMAL,OPTIMAL
2026,yahoo,12,4.0,ADP-aware ILP,7915.900000000001,7915.900000000001,0.0,0.0,,OPTIMAL,OPTIMAL
2026,yahoo,12,4.0,Static IP,9213.7,7915.900000000001,,,1297.8000000000002,OPTIMAL,OPTIMAL
2026,yahoo,12,4.0,Direct Greedy,7764.599999999999,7915.900000000001,151.3000000000011,0.019113429932161988,,OPTIMAL,OPTIMAL
2026,yahoo,12,4.0,Opportunity Cost Greedy,7789.2,7915.900000000001,126.70000000000073,0.01600576055786464,,OPTIMAL,OPTIMAL
2026,yahoo,12,5.0,ADP-aware ILP,7916.400000000001,7916.400000000001,0.0,0.0,,OPTIMAL,OPTIMAL
2026,yahoo,12,5.0,Static IP,9213.7,7916.400000000001,,,1297.3000000000002,OPTIMAL,OPTIMAL
2026,yahoo,12,5.0,Direct Greedy,7829.599999999999,7916.400000000001,86.80000000000109,0.010964579859532248,,OPTIMAL,OPTIMAL
2026,yahoo,12,5.0,Opportunity Cost Greedy,7786.6,7916.400000000001,129.80000000000018,0.016396341771512325,,OPTIMAL,OPTIMAL
2026,yahoo,12,6.0,ADP-aware ILP,7955.1,7955.1,0.0,0.0,,OPTIMAL,OPTIMAL
2026,yahoo,12,6.0,Static IP,9213.7,7955.1,,,1258.6000000000004,OPTIMAL,OPTIMAL
2026,yahoo,12,6.0,Direct Greedy,7868.3,7955.1,86.80000000000018,0.010911239330743823,,OPTIMAL,OPTIMAL
2026,yahoo,12,6.0,Opportunity Cost Greedy,7840.700000000001,7955.1,114.39999999999964,0.014380711744666897,,OPTIMAL,OPTIMAL
2026,yahoo,12,7.0,ADP-aware ILP,7955.1,7955.1,0.0,0.0,,OPTIMAL,OPTIMAL
2026,yahoo,12,7.0,Static IP,9213.7,7955.1,,,1258.6000000000004,OPTIMAL,OPTIMAL
2026,yahoo,12,7.0,Direct Greedy,7868.3,7955.1,86.80000000000018,0.010911239330743823,,OPTIMAL,OPTIMAL
2026,yahoo,12,7.0,Opportunity Cost Greedy,7915.800000000001,7955.1,39.29999999999927,0.00494022702417308,,OPTIMAL,OPTIMAL
2026,yahoo,12,8.0,ADP-aware ILP,7955.1,7955.1,0.0,0.0,,OPTIMAL,OPTIMAL
2026,yahoo,12,8.0,Static IP,9213.7,7955.1,,,1258.6000000000004,OPTIMAL,OPTIMAL
2026,yahoo,12,8.0,Direct Greedy,7875.8,7955.1,79.30000000000018,0.009968447913916881,,OPTIMAL,OPTIMAL
2026,yahoo,12,8.0,Opportunity Cost Greedy,7915.799999999999,7955.1,39.30000000000109,0.0049402270241733085,,OPTIMAL,OPTIMAL
2026,yahoo,12,9.0,ADP-aware ILP,8010.900000000001,8010.900000000001,0.0,0.0,,OPTIMAL,OPTIMAL
2026,yahoo,12,9.0,Static IP,9213.7,8010.900000000001,,,1202.8000000000002,OPTIMAL,OPTIMAL
2026,yahoo,12,9.0,Direct Greedy,7875.8,8010.900000000001,135.10000000000036,0.016864522088654254,,OPTIMAL,OPTIMAL
2026,yahoo,12,9.0,Opportunity Cost Greedy,7929.2,8010.900000000001,81.70000000000073,0.010198604401503043,,OPTIMAL,OPTIMAL
2026,yahoo,12,10.0,ADP-aware ILP,8084.2,8084.2,0.0,0.0,,OPTIMAL,OPTIMAL
2026,yahoo,12,10.0,Static IP,9213.7,8084.2,,,1129.500000000001,OPTIMAL,OPTIMAL
2026,yahoo,12,10.0,Direct Greedy,7875.8,8084.2,208.39999999999964,0.02577867939932209,,OPTIMAL,OPTIMAL
2026,yahoo,12,10.0,Opportunity Cost Greedy,7978.5,8084.2,105.69999999999982,0.013074886816258853,,OPTIMAL,OPTIMAL
